ym_id,url,name,type,desc,reference,功效作用,用药禁忌,用法用量,不良反应,更多信息
10908,https://dxy.com/drug/10908/detail,卡介苗,一类疫苗,"・ 可与乙肝疫苗一起接种，选不同注射部位。
・ 正常新生儿应在出生 24 小时内接种。
・ 4 岁及以上未接种者无需再补种。",・ 刁连东，孙晓冬. 实用疫苗学[M]. 上海：上海科学技术出版社，2015.,卡介苗是什么药品？卡介苗有什么用途？卡介苗是一种减毒活菌苗。卡介苗接种后，是如何诱导机体产生免疫应答的还不十分清楚。目前比较明确的是，虽然卡介苗不能完全预防传染性结核菌的感染，但对严重的结核性脑病和播散性结核病有较好的预防作用。卡介苗哪些人需要接种？由于我国是结核高发国家，所以所有新生儿都推荐尽早接种卡介苗：推荐所有足月且体重大于 2 500 g 的新生儿在出生后 24 小时内接种。如果出生后 24 小时内，因故未能及时接种卡介苗，4 岁以下的儿童都推荐补种，除非是 ＞ 3 月龄且对结核菌素纯蛋白衍生物（TB-PPD）或卡介菌蛋白衍生物（BCG-PPD）试验阳性。大于等于 4 岁就不需要补种了。卡介苗是几类疫苗？是免费的吗？卡介苗是国家一类疫苗，是免费接种的。卡介苗有哪几种可供选择？目前卡介苗只有国产的一种，没有自费的。卡介苗接种之后就可以完全避免得结核吗？不能。卡介苗并不能完全预防原发性结核菌感染，但是却可以有效地防止婴幼儿的结核性脑膜炎和播散性结核菌感染，可以显著减少严重感染的情况。由于卡介苗不能完全阻断结核传播，所以如果家中有结核病人，一定要及时正规治疗并做好隔离，以避免孩子被传染。卡介苗接种前已经感染过结核，这种情况还需要接种吗？不需要。,卡介苗哪些人不能接种？有症状的 HIV 感染者。已确诊或疑似的先天性免疫缺陷病患者。白血病、淋巴瘤或全身性恶性疾病患者。正在接受免疫抑制治疗（如，糖皮质激素、烷化剂、抗代谢药物、放疗等）的患者。卡介苗接种时如遇到以下特殊情况，该怎么接种？体重小于 2 500 g 的新生儿或者早产儿，通常建议体重达到 2 500 g 之后再补种。早产儿或新生儿因病需要住院治疗时，可在新生儿康复出院后补种卡介苗。有轻度湿疹的新生儿，接种部位无成片湿疹，就可以接种卡介苗。卡介苗接种不受影响的常见特殊情况有哪些？痱子、新生儿红斑。新生儿轻度的吐奶。新生儿大便次数多，但没有感染，不需要吃药。生理性黄疸。卡介苗可以和其他疫苗一起接种吗？可以。卡介苗可以和乙肝疫苗一起接种，选择不同的接种部位即可。如果是补种，也可以和其他疫苗一起接种。,卡介苗如何接种？新生儿出生后即可接种。只需接种一次。接种部位选择在孩子的左上臂，把疫苗注射入皮下。不需要重复接种两次卡介苗，两次接种不能增加效果。卡介苗在哪里接种？在新生儿出生的医院产科的疫苗接种室接种。如果因为特殊原因，比如疾病，没有按时接种，妈妈出院前需要拿好一张产科提供的新生儿疫苗接种单，上面会记录孩子没有接种的疫苗。等到孩子可以接种时及时回到出生医院产科或当地乡镇卫生院、社区卫生服务中心接种门诊补种。卡介苗如何补种？如果新生儿出生 24 小时内因故未能及时接种卡介苗，可以按以下原则补种：＜ 3 月龄的婴儿：不需要检查，可直接补种。3 月龄 ～ 3 岁的儿童：先进行结核菌素纯蛋白衍生物（TB-PPD）或卡介菌蛋白衍生物（BCG-PPD）试验。试验结果为阴性者，应予补种；试验结果为阳性者，不需补种。≥ 4 岁的儿童：不需补种。,卡介苗接种之后可能会发生哪些不良反应？接种卡介苗后最常见的不良反应是上臂接种处形成脓包。具体表现为：在卡介苗接种后大约 2 周左右，接种部位出现红肿的小包块，然后中心逐渐软化，形成白色脓包，大小平均 1 cm 左右，之后脓疱破裂，8～12 周后结痂，痂皮脱落形成小瘢痕。接种卡介苗后，还可能出现淋巴结炎、播散性结核感染等不良反应。但这些不良反应非常罕见，如果因为担心而拒绝接种卡介苗，就是因噎废食、得不偿失了。淋巴结炎：表现为在接种侧的腋窝出现淋巴结肿大，可以摸得到包块，有的还有破溃化脓。需要及时前往医院就诊。播散性结核感染：发生率仅为 1/100 万，主要发生在先天性细胞免疫严重缺陷的儿童。有先天性细胞免疫严重缺陷的儿童，应避免接种所有减毒活疫苗。卡介苗接种后上臂出现红肿、脓包，怎么处理？如果只是出现红肿的包块，不需要额外处理。如果破裂形成溃疡但是没有化脓，仅需要保持局部干燥等待自行愈合即可。如果出现化脓而且范围大于 1 cm，或者超过 3 个月不愈合，那就需要前往医院寻求医生的帮助。,卡介苗如何储存？按说明书贮存。卡介苗补种可能需做 PPD 试验，那么什么是 PPD 试验？PPD 试验是「结核菌素试验」的简称。PPD――结核菌素是从灭活后的结核杆菌中提取出的成分。把 PPD 注射入皮内，可以检验人体有无感染结核。具体做法是：用一个小针头在前臂内侧做一个皮试的小点，医生或护士会在这个小点周围画一个圈，注意不要洗掉了。然后分别在 48、72 小时后回医院检查以这个小点为中心的皮肤有没有硬结和红肿出现。如果没有硬结或硬结平均直径小于 1.5 cm，是阴性结果。如果硬结平均直径大于 1.5 cm，是阳性结果。如果没有接种过卡介苗且是阴性结果，4 岁以下儿童可以补种。如果没有接种卡介苗又是阳性结果，就要去结核专科门诊就诊，判断是不是感染结核了，不需要再补种卡介苗。卡介苗接种之后出现的卡疤是指什么？接种卡介苗的部位，有一定几率会出现红肿，红肿消退后会形成一个浅浅的疤痕，这就是卡疤。卡疤是卡介苗接种后的常见反应。但是如果没有卡疤，并不代表疫苗没有效果。不需要因为没有卡疤重复接种卡介苗。
10932,https://dxy.com/drug/10932/detail,乙肝疫苗,一类疫苗,"・ 接种后产生抗体者，保护期达 30 年以上。
・ 可以和其他疫苗同时接种。
・ 婴儿错过接种时间，及时补种即可。","[1] 中华医学会感染病学分会, 中华医学会肝病学分会. 慢性乙型肝炎防治指南(2019年版)[J]. 实用肝脏病杂志, 2020, 023(001):1-24.
[2] Terrault NA, Lok ASF, McMahon BJ, et al. Update on prevention, diagnosis, and treatment of chronic hepatitis B: AASLD 2018 hepatitis B guidance. Hepatology. 2018 Apr;67(4):1560-1599. 
[3] Kim DK, Riley LE, Harriman KH, et al. Advisory Committee on Immunization Practices Recommended Immunization Schedule for Adults Aged 19 Years or Older - United States, 2017. Am J Transplant. 2017; 17:1132C1135.",乙肝疫苗有什么用？目前广泛使用的乙肝疫苗是基因重组乙型肝炎疫苗，用来保护人体免受乙型肝炎病毒感染。乙型肝炎病毒主要传播途径是血液传播（包括皮肤和黏膜微小创伤）、性传播、母婴传播。我国以母婴传播为主，占30%～50%。其中，围产期（指孕妇产前、产时和产后的一段时期）的母婴传播是我国乙肝感染的主要途径，通过 HBV 阳性母亲的血液和体液传播。所以所有新生儿出生均应该尽早接种乙肝疫苗。HBV 阳性母亲的 HBV DNA 水平与新生儿感染 HBV 风险密切相关：HBeAg 阳性、HBV DNA 高水平母亲的新生儿更易发生母婴传播。如果妈妈为乙型肝炎病毒携带者，新生儿出生时除了要在 12 h 内尽早接种第一针乙肝疫苗外，还应该同时在不同部位接种一剂次 100 IU 的乙型肝炎免疫球蛋白，同时在 1 月龄和 6 月龄时分别接种第 2 针和第 3 针乙型肝炎疫苗，以阻断乙肝病毒的母婴传播。[1]乙肝疫苗的接种对象有哪些？接种乙型肝炎疫苗是预防乙肝病毒感染的最有效方法。乙型肝炎疫苗的接种对象主要是新生儿，其次为婴幼儿、15 岁以下未免疫人群和高危人群。其中，高危人群包括[1]：医务工作者；经常接触血液的人员；托幼机构工作人员；器官移植患者；经常接受输血或血液制品者；免疫功能低下者；乙肝病毒表面抗原（HBsAg）阳性者的家庭成员；男男性行为者；有多个性伴侣者；静脉内注射毒品者。乙肝疫苗的进口、国产选哪一种？乙肝疫苗均为基因重组 DNA 疫苗。其中，免费的免疫规划疫苗为国产疫苗，也有自费的进口乙肝疫苗。国产疫苗和进口疫苗制作工艺相同，效果相当，所以适龄儿童接种时可以选择免费的免疫规划疫苗。乙肝疫苗适用于既往已经感染过乙型肝炎病毒的人吗？已经感染过乙型肝炎病毒的人一般不需要接种乙肝疫苗，如果家中有乙肝患者，或为乙肝感染高危人群，且乙肝痊愈后未能产生保护性抗体，则可以尝试进行乙肝疫苗接种。比如，单纯抗 HBc 阳性的艾滋病（ HIV ）感染者建议接种HBV 疫苗（尤其是当 CD4 计数超过 200/μL 时），因为大多数可对 HBV 疫苗接种产生反应，约 60%～80% 的 HIV 患者在 3 或 4 针疫苗接种后可产生保护性抗体。[2]如果过去感染过乙肝病毒已经有免疫力了，还是接种了乙肝疫苗，也无需担心，出现不良反应的风险并不会增加。乙肝疫苗接种后，有多大概率避免得乙肝？研究显示，新生儿单用乙肝疫苗阻断母婴传播的阻断率为 87.8%，联合使用乙肝免疫球蛋白可进一步提高阻断率。完成三针乙肝疫苗接种后，保护率可达 95% 以上，若产生了抗体，保护效果可持续 30 年以上。但每个人体质及免疫状态不同，有乙肝感染高危因素的人群仍需定期监测乙肝表面抗体滴度（具体周期可咨询临床医生），若抗体转阴后建议及时补种。[1]乙肝疫苗没抗体了要不要补充接种？既往接种过乙肝疫苗，复查发现抗体转阴后，建议补充接种乙肝疫苗，建议接种一针即可。接种后 1～2 个月后可复查抗体，若抗体阳转，则已经产生保护性。[1]打完乙肝疫苗加强针了有没有必要查抗体？接种乙型肝炎疫苗加强针的人群，说明产生乙肝抗体后抗体滴度逐渐减弱至抗-HBs < 10 mIU/mL。对于这部分人群，建议接种加强针后 1～2 个月后复查抗体，明确加强针的效果。[1],乙肝疫苗不能用于哪些人？对乙肝疫苗成分发生过严重过敏反应的人，不能接种疫苗。已经感染过乙型肝炎病毒的人，不需要接种疫苗。有中度或重度急性疾病的人，应暂缓接种，等待病情稳定后接种。具体病情评估请咨询医生。危重症新生儿，如极低出生体重儿、严重出生缺陷、重度窒息、呼吸窘迫综合征等，需暂缓疫苗接种，首先抢救生命。在生命体征平稳后，应尽早接种第一剂乙肝疫苗。如果没有抗体备孕需要接种乙肝疫苗吗？可以接种。未感染过 HBV 的人群，在备孕、甚至在妊娠及哺乳期间接种乙型肝炎疫苗都是安全的.除按常规程序接种外，加速疫苗接种程序（0、1 和 2 个月程序）也是可行和有效的。所以对于未感染乙肝，但也无保护性乙肝抗体的人群，备孕期间可以接种乙肝疫苗，且妊娠期及哺乳期女性接种疫苗也是安全的。[1]妊娠期和哺乳期可以接种乙肝疫苗吗？可以接种。未感染过 HBV 的人群，在备孕、甚至在妊娠及哺乳期间接种乙型肝炎疫苗都是安全的.除按常规程序接种外，加速疫苗接种程序（0、1 和 2 个月程序）也是可行和有效的。所以对于未感染乙肝，但也无保护性乙肝抗体的人群，备孕期间可以接种乙肝疫苗，且妊娠期及哺乳期女性接种疫苗也是安全的。[1]乙肝疫苗可以照常接种的情况有哪些？母乳性黄疸；单纯间接胆红素升高；痱子、湿疹。乙肝疫苗可以和其他疫苗一起接种吗？乙肝疫苗可以和其他疫苗同时接种或间隔任意时间接种。,乙肝疫苗需要接种几次？每次间隔多长时间？乙肝疫苗全程需接种三针，按照 0、1、6 个月程序接种，即接种第一针疫苗后，间隔 1 个月及 6 个月分别接种第二及第三针疫苗。新生儿越早接种乙肝疫苗越好，最好在出生后 12 小时内接种第一针疫苗[1]。部分早产儿接种乙肝疫苗的方法略有不同，详见下面的内容。乙肝疫苗如何接种？乙肝疫苗为针剂，需要肌内注射，接种部位新生儿为大腿前部外侧中部肌肉或上臂外侧三角肌，儿童和成人为上臂三角肌中部肌内。乙肝疫苗用于早产儿时，应该如何接种？普通早产儿正常接种乙肝疫苗，极低体重早产儿（<1500克）在生命体征平稳后应该尽早接种第一针乙肝疫苗。乙肝表面抗原（HBsAg）阳性或不详的母亲所生的早产儿、低体重儿，应在出生后 12 小时内尽早接种第一剂乙肝疫苗。由于早产儿或低体重儿对首针乙肝疫苗的免疫应答较正常足月婴儿差，所以在该早产儿或低体重儿满 1 月龄后，应再按 0、1、6 月程序完成三剂次乙肝疫苗免疫，全程需要接种四剂次。乙型肝炎免疫球蛋白如何使用？乙肝表面抗原（HBsAg）阳性、明确有乙型肝炎以及对于HBsAg 不详的母亲产下的新生儿，除了需尽早接种乙肝疫苗外，还应在不同（肢体）部位肌肉注射 100 IU 乙肝免疫球蛋白（HBIG），目的是为了提高乙肝病毒母婴传播阻断率。HBIG 由国家补贴免费使用。乙肝疫苗接种者错过了接种时间怎么办？如果婴儿错过接种时间，出现两针之间间隔延长，及时补种漏种的针次即可。不需要额外增加疫苗针次。补种时，第三剂次和第二剂次最短间隔 60 天即可。如果是从未接种过乙肝疫苗且未感染过乙肝病毒的儿童或成人，按照 0，1，6 个月的程序接种 3 针即可。,乙肝疫苗接种后可能出现哪些不良反应？乙肝疫苗的安全性非常高，接种后的不良反应是非常罕见和轻微的。常见的不良反应包括局部皮肤的硬结和红肿、哭闹增加和发热，通常不需要处理，1～2 天可自行缓解。严重过敏反应和其他严重不良反应极其罕见。,乙肝疫苗怎么储存？按说明书贮存。通畅是 2-8 ℃ 避光保存和运输，严防冻结。乙肝疫苗接种后如何判断是否产生了保护效果？可以进行乙型肝炎表面抗体检测。乙型肝炎表面抗体（抗-HBs 或 HBsAb）阳性，或大于 10 mIU/mL，即为产生了有效的保护性抗体。乙肝疫苗接种后抗体保护时间多长？全程接种完三针乙肝疫苗有抗体应答者，产生的免疫保护作用可以维持 30 年以上。接种完乙肝疫苗需要检测一下有没有产生有效抗体吗？要看具体情况。评估是否产生了有效抗体，主要是抽血检查乙肝表面抗体（抗-HBs 或 HBsAb）。如抗-HBs < 10 mIU/mL，提示保护效果不够，需要加强免疫。不是所有人都需要做这个检测：一般人群完成乙肝疫苗接种后，不需要进行抗-HBs 检测。建议对仍有感染风险的人进行检测，例如卫生保健工作者、HBsAg 阳性母亲的婴儿、慢性乙型肝炎患者的性伴侣、慢性血液透析患者和免疫功能低下者（包括 HIV 感染者）检测的时间因人而异，一般建议 2～3 年检测一次。此外，建议每年对血液透析患者进行检测，因为这些人的免疫力会迅速减弱，这些人处于持续暴露于 HBV 的高风险中。[3]乙肝疫苗接种后未检测到乙肝抗体怎么办？完成乙肝疫苗全称三针接种后，从未检测到乙型肝炎表面抗体（抗-HBs），或者抗-HBs 滴度小于 10 mU/mL，说明疫苗没有产生足够的保护效果，或抗体消失，需要加强免疫。16 岁以上人群：可接种一针 60 μg 重组酵母乙肝疫苗，或三针 20 μg 重组酵母乙肝疫苗。16 岁以下人群：可接种三针 10 μg 重组酵母乙肝疫苗，或三针 20 μg 重组仓鼠卵巢细胞（CHO）乙肝疫苗。加强免疫后 1～2 个月，再次检测血清中的抗-HBs，如仍小于 10 mU/mL，可再按上述程序加强免疫一次。乙肝疫苗接种给婴儿后，乙肝妈妈可以哺乳吗？无论妈妈自身状态如何，新生儿按计划接种乙肝疫苗和乙肝免疫球蛋白后，均可以进行母乳喂养。乙肝疫苗和 HPV 九价冲突吗？不冲突。乙肝疫苗可以和其他疫苗同时接种或间隔任意时间接种，所以不必担心乙肝疫苗和 HPV 九价疫苗会互相影响。
10930,https://dxy.com/drug/10930/detail,脊髓灰质炎疫苗,一类疫苗,"・ 脊髓灰质炎疫苗的保护效率在 98% 以上。
・ 所有儿童均需要接种脊髓灰质炎疫苗。
・ 脊髓灰质炎疫苗可以和其他疫苗一起接种。",・ 刁连东，孙晓冬. 实用疫苗学[M]. 上海：上海科学技术出版社，2015.,"脊髓灰质炎疫苗是什么？脊髓灰质炎疫苗含有减毒或灭活的脊髓灰质炎病毒毒株，可预防儿童被脊髓灰质炎病毒感染，从而避免得「小儿麻痹症」。脊髓灰质炎疫苗可简称为「脊灰疫苗」，有口服的二价脊灰减毒活疫苗（bOPV）和注射的三价脊灰灭活疫苗（IPV）。此外，五联疫苗中也包括脊灰疫苗，其成分为 IPV。脊髓灰质炎疫苗适用于哪些人群？所有儿童均需要接种脊髓灰质炎疫苗。由于疫苗的接种，脊髓灰质炎在全球范围内已经非常罕见，近年来全球范围内也仅有巴基斯坦和阿富汗有脊髓灰质炎野病毒流行。尽管我国于 2000 年被世界卫生组织证实处于无脊灰状态，在相互联系极为密切的当今世界，仍有输入性疫情发生的风险，因此，仍需要继续接种脊灰疫苗。脊髓灰质炎疫苗成年人需要接种吗?我国境内成人不需要接种。前往脊髓灰质炎流行地区、且不清楚以前是否接种过脊灰疫苗的成人，可以接种疫苗强化免疫，预防感染。世界卫生组织 2018 年推荐：计划前往阿富汗、巴基斯坦地区的成人，长期居留 ＞ 4 周的，应在出行前强化接种脊髓灰质炎疫苗（打针或口服均可）一次。脊髓灰质炎疫苗是几类疫苗？脊髓灰质炎疫苗是一类疫苗，免费接种。所有儿童均需要接种脊髓灰质炎疫苗。脊髓灰质炎疫苗有哪几种？有什么区别？我国第一类的脊髓灰质炎疫苗包括灭活脊灰病毒疫苗（Inactivated Poliovirus Vaccine, IPV）和二价口服脊灰减毒活疫苗（bivalent Oral Poliomyelitis Attenuated Live Vaccine, bOPV）。三价口服脊灰减毒活疫苗（tOPV，即原来的「糖丸」）已停用。我国当前的免疫策略是 2 月龄首剂次接种 IPV，3、4、48 月龄各接种一剂次 bOPV。IPV 是需要注射接种的针剂，在孩子 2 月龄时接种。也就是说孩子的第一剂脊髓灰质炎疫苗一定是打针接种的。IPV 为 Ⅰ 型、Ⅱ 型、Ⅲ 型脊灰病毒灭活疫苗，全程接种 IPV 可以 100% 避免脊灰疫苗相关性麻痹。bOPV 是需要口服接种的滴剂，在孩子 3 月龄、4 月龄、4 周岁时接种。bOPV 为 Ⅰ 型、Ⅲ 型脊灰病毒减毒活疫苗，首次接种脊灰疫苗如使用 bOPV，有极小概率（约 1/50 万）发生脊灰疫苗相关性麻痹。脊髓灰质炎疫苗接种后，有多大概率避免得脊髓灰质炎？脊髓灰质炎疫苗的保护效率在 98% 以上。因为脊髓灰质炎疫苗的使用，我国本土已经没有野病毒株感染引起的脊髓灰质炎病例。",脊髓灰质炎疫苗哪些人不能接种或需谨慎接种？对脊髓灰质炎疫苗成分过敏者不能接种。发热或疾病的急性期应暂缓接种脊灰疫苗，等病情恢复后可接种。有以下情况的人群，不适宜接种二价口服脊灰减毒活疫苗（bOPV），建议按照说明书全程接种灭活脊灰病毒疫苗（IPV）：原发性免疫缺陷；胸腺疾病；有症状的 HIV 感染或 CD4 T 细胞计数低；正在接受化疗的恶性肿瘤；近期接受造血干细胞移植；正在使用具有免疫抑制或免疫调节作用的药物，例如大剂量全身皮质类固醇激素、烷化剂、抗代谢药物、TNF-α 抑制剂、IL-1 阻滞剂或其他免疫细胞靶向单克隆抗体；目前或近期曾接受免疫细胞靶向放射治疗。脊髓灰质炎疫苗孕妇和哺乳期妇女可以接种吗？孕妇不能接种口服减毒活疫苗（bOPV）。尚未发现妊娠期间接种灭活疫苗（IPV）有害，且对胎儿造成不良影响的危险性很低。所以孕期可以接种 IPV。IPV 是否会通过乳汁分泌还不确定，所以哺乳期女性接种 IPV 时应格外谨慎。脊髓灰质炎疫苗可以由哪些疫苗接种替代？如果儿童已按疫苗说明书接种过 IPV 或含脊灰疫苗成分的联合疫苗，可视为完成相应剂次的脊灰疫苗接种。二类疫苗中的五联疫苗（DTap-IPV/Hib 联合疫苗）就含有脊髓灰质炎疫苗成分，因此可以替代单独的脊髓灰质炎疫苗。五联疫苗是将一类疫苗中的脊髓灰质炎疫苗（IPV）和百白破疫苗（DTaP），加上二类疫苗中的流感嗜血杆菌疫苗（Hib），制成的联合疫苗，全部为灭活疫苗，可以减少孩子的接种次数。五联疫苗是自费疫苗，可以根据家长的意愿自己选择。如果接种五联疫苗，在 4 周岁时无需接种一次二价口服脊灰病毒活疫苗（bOPV）强化免疫。脊髓灰质炎疫苗可以和其他疫苗一起接种吗？可以和其他疫苗一起接种。,脊髓灰质炎疫苗需要接种几次？每次间隔多长时间？国内规定的接种方案为：一共需要接种四次，2 月龄接种 IPV，3、4 月龄接种 bOPV，4 周岁时接种 bOPV 加强免疫。（上海的接种方案为：2、3 月龄接种 IPV，4 月龄、4 周岁接种 bOPV）。如全程使用 IPV 或五联疫苗，接种方案为：2、3、4、18 月龄各接种一针。如果不在国内接种，《WHO 关于疫苗的意见书》里还推荐了几种其他的接种程序，可根据具体情况进行参考、选择。脊髓灰质炎疫苗如何接种？灭活脊灰病毒疫苗（IPV）的接种方法为：肌肉注射，婴幼儿在大腿前外侧中部、儿童在上臂三角肌部位接种。二价口服脊灰减毒活疫苗（bOPV）的接种方法为：口服，配有专门的滴管，一次两滴，滴入宝宝口中。接种过程中滴管不应该接触孩子的嘴唇，悬空滴入。口服疫苗前、后的一段时间内不要喂食。脊髓灰质炎疫苗错过了接种时间怎么办？对于脊灰疫苗迟种、漏种的儿童，补种相应剂次即可，无需重新开始全程接种。＜ 4 岁的儿童，如果接种未达到三剂（含补充免疫等），应补种完成三剂。≥ 4 岁的儿童，如果接种未达到四剂（含补充免疫等），应补种完成四剂。补种时两剂次脊灰疫苗之间间隔 ≥ 28 天。脊髓灰质炎疫苗接种后，中途可以换用其他种类的疫苗吗？已经接种过一类的脊灰疫苗，可以在后续接种时替换为二类的五联疫苗，按照五联疫苗的接种程序接种，4 周岁时无需接种一次 bOPV 强化免疫。需要注意的是，由于五联疫苗同时还包含百白破和流感嗜血杆菌疫苗，替换时也需要考虑这两种疫苗的接种情况，具体可以咨询当地预防接种门诊。,脊髓灰质炎疫苗接种后可能出现哪些不良反应？接种灭活疫苗（IPV）的不良反应主要是局部皮肤出现硬结和红肿，其次可能出现哭闹增加和发热。接种口服减毒活疫苗（bOPV）常见的不良反应为发热和大便次数增加，一般在 24 小时内出现，程度轻微，可自行好转，持续时间不超过 3 天。接种口服减毒活疫苗（bOPV）还有一个罕见但严重的不良反应――疫苗相关麻痹型脊髓灰质炎（VAPP）。口服的脊髓灰质炎疫苗（OPV）是减毒的活疫苗，正常情况下疫苗感染人体但是不会对身体造成损害。非常罕见的情况下，活疫苗株病毒恢复了毒力，引起疫苗相关麻痹病例。VAPP 通常发生在第一剂脊灰疫苗为口服减毒活疫苗（OPV）的情况下，发生概率为 1/50 万左右。为了避免这种情况发生，接种第一剂脊髓灰质炎疫苗时应选择灭活疫苗（IPV）。脊髓灰质炎疫苗接种后出现的不良反应如何应对？接种 IPV 出现局部红肿和硬结一般是在接种后 24 小时内，会在 24 小时内自行消退。如果红肿得明显，48 小时内冷敷，48 小时后可以用毛巾热敷局部，促进消肿。接种疫苗后，孩子可能会伴有哭闹增加，家长可以增加安抚，多拥抱和亲昵即可。哭闹增多的情况持续时间一般在 1 天左右，最长不会超过 3 天。孩子如果接种疫苗 24 小时内出现发热，不超过 38.5 ℃，可以增加孩子的奶量，或者喂温水，保证孩子的液体摄入。保持室内温度舒适，利于物理降温。超过 38.5 ℃ 应就医。口服 bOPV 后如果孩子大便次数增加，但是小便量正常、食欲好，可以不需要额外处理。如果大便呈水样，注意给孩子口服补液盐 III，以预防脱水和电解质紊乱，必要时及时就医。,脊髓灰质炎疫苗怎么储存？按说明书贮存。
10937,https://dxy.com/drug/10937/detail,百白破疫苗,一类疫苗,"・ 可预防百日咳、白喉、破伤风三种疾病。
・ 接种对象通常为 3 月龄至 6 周岁的儿童。
・ 可以和其他疫苗同时在不同部位接种。",・ 刁连东，孙晓冬. 实用疫苗学[M]. 上海：上海科学技术出版社，2015.,百白破疫苗是什么？有什么用？百白破疫苗是由百日咳杆菌（或其有效组分）、白喉类毒素和破伤风类毒素三种成分按适量比例配制而成的联合疫苗，属于灭活疫苗，用于预防百日咳、白喉、破伤风三种疾病。百日咳由百日咳杆菌感染引起，其主要危害是容易使宝宝发生窒息，容易引起肺炎、脑炎等严重并发症，甚至导致死亡。白喉由白喉棒状杆菌感染引起，其主要危害是可引起呼吸窘迫，以及心肌炎、神经炎等并发症。破伤风由破伤风梭菌感染所致，严重的破伤风可发生喉痉挛导致窒息、发生肺部感染导致呼吸衰竭、顽固性惊厥、心力衰竭等，甚至引起死亡。百白破疫苗有哪几种？百白破疫苗有「白喉类毒素-破伤风类毒素-全细胞百日咳（DTwP）疫苗」「白喉类毒素-破伤风类毒素-无细胞百日咳（DTaP）疫苗」和「破伤风类毒素-减量的白喉类毒素-无细胞百日咳（Tdap）疫苗」等几种类型。区别在于：DTwP 疫苗含有百日咳杆菌的细胞，而 DTaP 和 Tdap 疫苗不含百日咳杆菌的细胞；且 Tdap 疫苗中的白喉类毒素还是减量的。目前我国使用的百白破疫苗以及含百白破疫苗成分的联合疫苗，均为 DTaP 疫苗。此外，还有一种白破疫苗，即防治白喉和破伤风的联合疫苗。白破疫苗实际上是百白破疫苗的延伸，在接种百白破疫苗的基础上，6 岁时需要接种一剂白破疫苗，作为加强免疫。另外，百白破疫苗还可以进一步和其他疫苗一起做成多联疫苗，进一步减少宝宝挨针的次数。这样的疫苗包括：DTaP-Hib 联合疫苗：俗称「四联疫苗」，可以防治百日咳、白喉、破伤风，以及由 B 型流感嗜血杆菌引起的脑膜炎、肺炎、心包炎和菌血症等疾病。DTaP-Hib-IPV 联合疫苗：俗称「五联疫苗」，可同时预防百日咳、白喉、破伤风、B 型流感嗜血杆菌感染和脊髓灰质炎。百白破疫苗适用于哪些人？通常接种对象为 2 月龄至 6 周岁的儿童。我国规定，宝宝出生后满 2 个月就应开始接种百白破疫苗第一针。未按我国规定的免疫程序按时完成接种的儿童，需要补种。补种方案详见后面的「用法用量」。此外，美国建议孕妇应接种成人百白破疫苗。百白破疫苗是几类疫苗？是免费的吗？百白破疫苗是一类疫苗，是免费接种的疫苗。我国免费提供的百白破疫苗主要是 DTaP 疫苗和白破疫苗。接种了百白破疫苗，就可以完全避免得这三种疾病吗？不能百分百避免得病。对破伤风的预防效果最好，一般来说，完成基础免疫后（1 岁以内接种完三针），抗体可维持 10～15 年时间，保护率可达 95% 以上。对白喉的预防效果也比较理想，完成百白破疫苗的基础免疫后，保护率可达 90% 以上，抗体可维持 5 年以上。对百日咳的预防效果稍差，但保护率也可达到 80% 左右。百白破疫苗可以用于已经感染过百日咳、破伤风、白喉的病人吗？百日咳主要发生于 1～9 岁的儿童，自然感染后很可能使机体产生对百日咳的免疫保护，但这种特异的免疫保护能持续多久尚不清楚，且身体的免疫力下降时，很有可能再次感染百日咳。因此，即使有确切的证据已经感染过百日咳，仍应该按国家规定的免疫程序接种百白破疫苗，采用 DTaP 疫苗（或含 DTaP 成分的联合疫苗）或 Tdap 疫苗。自然感染白喉或破伤风后不能诱导机体产生特异的免疫保护，所以即使感染过白喉和破伤风，仍然需要接种百白破疫苗。,百白破疫苗不能用于哪些人？对百白破疫苗中任一成分有严重过敏史者，不能接种该疫苗。患有进行性神经系统疾病者、未良好控制的癫痫患者不能接种百白破疫苗。百白破疫苗需要推迟接种的情况有哪些？接种前如有发热、腹泻等身体的不适症状，或患有急性疾病伴有全身不适症状的，应延迟接种疫苗。如患有急性传染病，或者慢性疾病急性发作时，应康复后接种。百白破疫苗初次接种给宝宝时，需要注意什么？宝宝初次接种百白破疫苗时，家长要密切关注宝宝的反应和表现，同时最好在接种结束后在接种点停留、观察 30 分钟，以便在出现不良反应或者过敏反应时可得到即刻治疗。如果初次接种百白破疫苗后出现高热惊厥（表现为高烧、抽搐），以后要慎用百白破疫苗，权衡利弊后接种。哪些情况不影响百白破疫苗的接种？轻微咳嗽，只要程度不是那么剧烈，不伴有发热现象，都可以接种百白破疫苗。接种百白破疫苗期间，感染了百日咳/白喉/破伤风，还需要继续完成接种吗？接种完成和抗体出现是有区别的。通常接受完全程注射后半个月，才会产生抗体，所以如果在这期间出现了感染，还是要继续完成接种。百白破疫苗可以和其他疫苗一起接种吗？百白破疫苗和其他疫苗可以同时接种，也可以间隔任意时间接种。国家免疫规划疫苗可以同时接种两种以上，但前提是必须在不同位置接种，并且严禁将几种疫苗混入一只注射器内接种成人打百白破疫苗有用吗？有用。在境外的很多国家和地区，成人被建议每 10 年接种 1 剂加强百白破疫苗（Tdap），从而降低百日咳和破伤风感染的风险。但目前国内仅批准了用于儿童接种的百白破疫苗（DTaP，不能用于成人），因此我国内地暂无可用于成人接种的百白破疫苗。建议给孕妇打百白破疫苗吗？什么时候打？建议。美国的数据显示，大多数儿童百日咳相关死亡发生在 3 月龄以下，而儿童最早也要到 2 月龄才能开始接种第 1 针百白破疫苗。因此，包括美国在内的多个国家和地区建议孕妇在特定孕周接种百白破疫苗（Tdap），从而帮助新生儿预防百日咳。不同国家建议孕妇接种百白破疫苗的时间略有不同，比如美国和印度建议孕 27~36 周接种，加拿大建议 27~32 周接种。,百白破疫苗如何接种？基础免疫需要接种三针，加强免疫需要接种两针。基础免疫：从 2 月龄开始接种，在 12 月龄前完成三针，每针间隔 4～6 周。加强免疫：在 18 月龄和 6 岁时各接种一针。比较常见的接种方法为：2、4、6 月龄各打一针百白破疫苗，18 月龄和 6 岁各加强一针百白破疫苗。接种部位为臀部或上臂外侧的肌肉，接种方法为肌内注射。百白破疫苗如何补种？根据《国家免疫规划疫苗儿童免疫程序及说明 2016 年版》的建议：对于 3 月龄 ～ 5 岁未能完成四剂百白破疫苗接种的儿童，需用百白破疫苗补足未完成的剂次。前三剂每剂间隔 ≥ 28 天，第四剂与第三剂间隔 ≥ 6 个月。对于 ≥ 6岁接种百白破疫苗和白破疫苗总计不足三剂的儿童，需用白破疫苗补足三剂。第二剂与第一剂间隔 1～2 月，第三剂与第二剂间隔 6～12 个月。不同年龄的儿童，补种时需选用不同种类的疫苗：3 月龄 ～ 5 岁：选用 DTaP 疫苗；6～11 岁：选用白破疫苗（儿童用）；≥ 12 岁：选用白破疫苗（成人及青少年用）。百白破疫苗接种了一针后，还可以换用四联或五联疫苗吗？应如何接种？可以。DTaP 疫苗、DTaP-Hib 四联疫苗、DTaP-Hib-IPV 五联疫苗都是从 3 月龄开始接种，并接种四针，因此是可以互换的。一针百白破疫苗对应一针四联疫苗或一针五联疫苗。接种过一针百白破疫苗，余下的三针可以接种四联疫苗或五联疫苗。但要注意补充第一针中未接种的 Hib 疫苗、脊灰疫苗。打了百白破疫苗后，需要定期加强吗？百白破疫苗应考虑定期加强。儿童完成全程百白破疫苗接种后，抗体通常在接种后 4~6 年显著下降。青少年和成人接种百白破疫苗（Tdap）后，抗体水平可持续约 4~12 年，但有效保护水平可能会在 4~6 年后降低。因此包括美国疾病控制与预防中心（CDC）在内的海外专业机构建议儿童完成常规免疫程序后，每 10 年进行 1 剂百白破疫苗（Tdap）作为加强。,百白破疫苗接种后可能会发生哪些不良反应？接种部位不良反应：接种处可出现红肿、硬结、触痛等现象。因为属于正常反应，通常不需要做特殊处理。如红肿明显，48 小时内可冷敷，48 小时后可热敷（避免烫伤）以利于消肿。全身性不良反应：低热、头痛、头晕、全身无力、寒颤、恶心、呕吐、腹痛、腹泻、起皮疹等。一般不需要处理，多在 24 小时之内消退，也有少数儿童可持续 3 天以上。接种反应较重的，可引起附近的淋巴结、淋巴管发炎，表现为淋巴肿大、触痛，需要前往医院治疗。,按说明书贮存。
11000,https://dxy.com/drug/11000/detail,流脑疫苗,一类疫苗,"・ 可以和其他疫苗一起接种，可以补种。
・ 所有儿童均应接种，得过脑膜炎的仍需接种。
・ 尽量接种第二类的流脑疫苗，效果更好。",・ 刁连东，孙晓冬. 实用疫苗学[M]. 上海：上海科学技术出版社，2015.,流脑（流行性脑脊髓膜炎）是一类什么样的疾病？脑膜炎球菌（也叫脑膜炎奈瑟菌）感染引起的传染病叫做流行性脑脊髓膜炎（简称流脑）。一旦发生，进展迅速，其主要临床表现为突发高热、剧烈头痛、频发呕吐，皮肤黏膜瘀点瘀斑、脑膜刺激征，严重的病人会相继出现败血症休克和脑实质损害，常可危及生命。有些病人虽然没有性命之忧，但可能会遗留中耳炎、化脓性关节炎、心内膜炎、心包炎、肺炎、脑积水等，也可造成瘫痪、精神障碍、癫痫等后遗症。流脑在人群中传播快，如果没有疫苗保护，可能会造成大范围的流行，我国历史上有多次全国范围的大流行，流行菌株以 A 群脑膜炎奈瑟菌为主。人群普遍易感，2 岁以下的儿童更易被脑膜炎球菌感染。脑膜炎球菌分为几类？根据细菌的荚膜多糖抗原不同，脑膜炎球菌可以分为 13 类，其中 A 群、B 群、C 群、X 群、W135 群、Y 群这 6 类是引起流脑的主要类型。流脑疫苗是什么？有什么用？流脑疫苗是「脑膜炎球菌疫苗」的简称，是一种保护身体不受脑膜炎球菌感染的疫苗。各种流脑疫苗均为灭活疫苗。流脑疫苗分为哪几类?根据制作方式不同，可以分为多糖疫苗和多糖结合疫苗（简称结合疫苗）。多糖疫苗是将脑膜炎球菌的荚膜多糖提纯制成的疫苗，仅刺激体液免疫，不能形成免疫记忆，对 2 岁以下儿童效果较差。结合疫苗是将脑膜炎球菌的荚膜多糖和破伤风类毒素共价结合制成的疫苗，免疫效果更好，可以形成免疫记忆，效果更持久。根据含有的抗原种类（「价」）不同，可以分为二价疫苗、三价疫苗、四价疫苗等。价数越高，可以防护的脑膜炎球菌类型就越多。流脑疫苗常见的有几种？A 群多糖疫苗：全称是 A 群脑膜炎球菌多糖疫苗（MPSV-A），国内可免费接种。AC 多糖疫苗：全称是 A 群 C 群脑膜炎球菌多糖疫苗（MPSV-AC），二价疫苗，国内可免费接种。AC 结合疫苗：全称是 A 群 C 群脑膜炎球菌多糖结合疫苗（MCV-AC），二价疫苗，国内可自费接种。四价多糖疫苗：全称是 ACYW135 群脑膜炎球菌多糖疫苗（MPSV4），国内可自费接种。四价结合疫苗：全称是 ACYW135 群脑膜炎球菌多糖结合疫苗（MCV4），目前大陆地区暂时没有，可去香港自费接种。B 群疫苗：国内暂无接种途径。AC 流脑 - Hib 疫苗：全称是 AC 群脑膜炎球菌（结合）B 型流感嗜血杆菌（结合）联合疫苗，国内可自费接种。流脑疫苗需要给哪些人接种？所有儿童均应接种流脑疫苗，以获得对脑膜炎球菌的抵抗力，避免严重威胁生命的感染。计划前往流行性脑脊髓膜炎疫区的成年人，也可以接种此类疫苗。流脑疫苗需要给得过脑膜炎的孩子接种吗吗？已经得过脑膜炎的孩子，仍然需要接种流脑疫苗。脑膜炎可能由很多不同的细菌引起，包括金黄色葡萄糖球菌、大肠埃希菌、肺炎链球菌等等，由脑膜炎球菌引起的流脑，只是脑膜炎中的一种。所以等脑膜炎治愈后，仍然需要按计划接种流脑疫苗。流脑疫苗是几类疫苗？在我国，流脑疫苗有免费的第一类疫苗，也有自费的第二类疫苗。如果有条件，尽量接种第二类的流脑疫苗，比第一类疫苗效果好。流脑疫苗接种后，就可以完全避免得流脑吗？不可以。由于脑膜炎球菌有不同类型，接种疫苗只能获得对相对应类型脑膜炎球菌的抵抗力，所以尽量接种多价的流脑疫苗比较好。美国数据四价流脑结合疫苗的保护效力为 80～85%。我国近年来脑膜炎菌株的变化趋势是，A 群感染率逐渐下降，B 群、C 群及 W135 群占比呈上升趋势。可见，仅接种 A 群多糖疫苗、AC 多糖疫苗，保护效果较低。而国内目前暂无可接种的 B 群疫苗，所以有相当一部分由 B 群脑膜炎球菌引起的流脑也是无法预防的。好在目前我国流脑疫情不算严重，家长也不必过于焦虑。,流脑疫苗对于哪些人不能接种或需谨慎？A 群流脑多糖疫苗：对疫苗中的成分过敏者、活动性结核患者，不能接种。此外，国内疫苗说明书还规定癫痫、肾脏病、心脏病患者不能接种。发热及因为其他疾病需要接受静脉治疗的病人，待病情稳定后再接种。AC 群流脑多糖疫苗：不能用于 2 周岁以下的儿童。其他不能接种的情况和 A 群流脑多糖疫苗类似。AC 群流脑多糖结合疫苗、ACYW135 群流脑多糖疫苗：国内疫苗说明书规定，有癫痫、肾脏病、心脏病、活动性结核、对疫苗成分过敏史、发热、急性感染的人，不能接种。流脑疫苗可以给妊娠期和哺乳期女性接种吗？妊娠期和哺乳期女性如果需要前往流行性脑脊髓膜炎疫区，可以接种流脑疫苗。因为多糖疫苗没有相应的研究数据，而国外有孕妇接种结合疫苗的数据并且表明对婴儿和孕妇均无有害影响，所以推荐妊娠期和哺乳期女性接种结合疫苗。如果能明确疫区流行的病原体类型，接种相应的疫苗最好。流脑疫苗接种不受哪些情况影响？卵圆孔未闭、房间隔缺损等先天性心脏病患者，已经治愈或者缓解的肾病患者，经医生综合评估后认为安全。既往有新生儿脑损伤、新生儿窒息病史，治愈出院。早产儿。曾有过暂时性白细胞数目异常。皮疹、湿疹。有免疫缺陷的孩子。流脑疫苗可以和其他疫苗一起接种吗？流脑疫苗是灭活疫苗，可以和其他疫苗一起接种。选择不同的接种部位即可。,流脑疫苗怎么接种？流脑疫苗均为针剂，A 群流脑多糖疫苗、AC 群流脑多糖疫苗、ACYW135 群流脑多糖疫苗在上臂三角肌下缘进行皮下注射；AC 群流脑多糖结合疫苗、AC 流脑 - Hib 疫苗在上臂三角肌进行肌肉内注射。接种后应在医疗机构留观 30 分钟。如果选择免费流脑疫苗，具体接种程序如下：A 群流脑多糖疫苗：6～18 月龄接种。共两针，两针之间间隔需 ≥ 3 个月。一般是 6 月龄、9 月龄各接种一次。AC 群流脑多糖疫苗：2 岁以上接种。共两针，第一针需与 A 群多糖疫苗的第二针间隔 12 个月以上，第二针需与第一针间隔 3 年。一般是 3 岁、6 岁各接种一次。也可以选择自费流脑疫苗，接种方法如下：AC 群流脑多糖结合疫苗：不同厂家生产的疫苗，接种程序相差很大，具体需要参考说明书。以某厂家的 AC 群流脑多糖结合疫苗为例，一般于 3 月龄、4 月龄、5 月龄接种一次，共三次。ACYW135 群流脑多糖疫苗：最早从 2 岁开始接种。需接种两针，第一针为基础免疫，第二针为加强免疫，两针间隔 3 年。一般是 3 岁、6 岁各接种一次。ACYW135 群流脑多糖结合疫苗：不同厂家生产的疫苗，接种程序不同，具体需要参考说明书。目前香港的 ACYW135 群流脑多糖结合疫苗有巴斯德公司的 Menactra 和辉瑞公司的 Nimenrix。Menactra 是 9 月龄、12 月龄各接种一次，如超过 24 月龄，仅接种 1 剂次；Nimenrix 是 2、4、12 月龄各接种一针次，或 3、5、12 月龄各接种一针次，超过 3 月龄未开始接种者，满 12 月龄以后接种一次即可。流脑疫苗接种时如何用第二类替代第一类疫苗？由于第一类流脑疫苗免疫效果欠佳，防范的病原体种类少，推荐选用特定的第二类流脑疫苗替代第一类疫苗。以下替代方案可供参考：AC 群流脑多糖结合疫苗替代 A 群流脑多糖疫苗：AC 群流脑多糖结合疫苗多覆盖一个菌群，可以更好的保护孩子，而且结合疫苗副作用更小，可以从 3 月龄接种，更早的获得免疫保护。ACYW135 群流脑多糖疫苗替代 AC 群流脑多糖疫苗：可以用 ACYW135 群流脑多糖疫苗替代 AC 群流脑多糖疫苗。ACYW135 群流脑多糖疫苗可以覆盖更多菌群，更好地保护孩子。仅接种 ACYW135 群流脑多糖结合疫苗：如果前往香港接种 ACYW135 群流脑多糖结合疫苗，就可以不用接种 A 群流脑多糖疫苗、AC 群流脑多糖疫苗、AC 群流脑结合疫苗和 ACYW135 群流脑多糖疫苗了。流脑疫苗错过了接种时间怎么办？第一类疫苗错过接种时间，可以补种第一类疫苗：＜ 24 月龄的孩子，应接种两次 A 群多糖疫苗，间隔 ≥ 3 个月。之后再按时接种两次 AC 多糖疫苗。≥ 24 月龄的孩子，不需要补种 A 群多糖疫苗，但需要接种两次 AC 多糖疫苗。第一类疫苗错过接种时间，也可以考虑补种第二类疫苗。流脑疫苗接种时，已经接种过第一类，中途可以换用第二类疫苗吗？可以。但是关于如何转换，国家没有明确的指导意见，需要家长和保健站的医生对于流脑疫苗有相当程度的认识才能顺利转换。,流脑疫苗接种后可能出现哪些不良反应？主要是局部皮肤的硬结和红肿，一般是在接种后 24 小时内出现，无需特殊处理，可以自行消退。其次可能出现哭闹增加、发热、头痛、头晕等，一般可以在 24 小时内自行好转。出现低热时可以增加奶量或饮水量，保证液体摄入。此外，极少数人在接种疫苗后可能出现过敏性休克（发生率 ＜ 1/500 万），少部分接种 ACYW135 群流脑多糖结合疫苗的儿童还可能出现晕厥。所以，接种疫苗后应在接种点留观 30 分钟。,流脑疫苗应该如何存储？按说明书贮存。
10931,https://dxy.com/drug/10931/detail,乙脑疫苗,一类疫苗,"・ 建议所有 8 月龄以上的儿童都接种。
・ 推荐接种免费的乙脑减毒活疫苗。
・ 按程序接种后可以达到95%以上的保护效果。",・ 刁连东，孙晓冬. 实用疫苗学[M]. 上海：上海科学技术出版社，2015.,乙脑疫苗是什么？有什么用？乙脑是流行性乙型脑炎的简称，是一种以蚊虫为传播媒介的病毒性传染病，由于人类最早记载的疫情爆发于日本，因此又称为「日本脑炎」。乙脑疫苗是用来保护儿童和成年人避免得流行性乙型脑炎的疫苗。乙脑疫苗有乙脑减毒活疫苗和乙脑灭活疫苗两种，目前国家免费为 7 岁以下儿童接种的是乙脑减毒活疫苗。乙脑减毒活疫苗里面含有不具有神经毒性的乙型脑炎减毒活病毒，减毒活病毒进入身体后，刺激身体的免疫系统产生抗体，从而保护人体不受乙型脑炎病毒的感染。乙脑灭活疫苗含有病毒抗原，免疫接种后，可刺激机体产生抗乙型脑炎抗体，从而保护人体不受乙型脑炎病毒的感染。乙脑疫苗哪些人需要接种？流行性乙型脑炎是由乙型脑炎病毒感染所致，人群普遍易感，发病急、后遗症多，所以所有 8 月龄以上健康儿童和由非疫区进入疫区的儿童和成人都应该接种乙脑疫苗来预防感染。出国人员可提前一个月向当地国际旅行卫生保健中心咨询是否需要接种疫苗。乙脑疫苗有哪几种可供选择？如何选择？乙脑疫苗有乙脑减毒活疫苗和乙脑灭活疫苗两种。国家免费为适龄儿童提供的是乙脑减毒活疫苗，标准接种程序为：8 月龄、24 月龄各接种一剂。近年来国内的乙脑减毒活疫苗主要由成都生物和武汉生物公司生产供应，由国家财政支付，各省卫计委或疾控中心采购，逐级免费供应。国内的乙脑灭活疫苗目前仅有辽宁成大生物公司生产的乙脑灭活疫苗（Vero 细胞），是自费疫苗，全程需接种 4 剂，每剂约 100 元。乙脑灭活疫苗保护时间较短、抗体衰减较快。因此，接种乙脑疫苗时，一般健康儿童建议优先选择乙脑减毒活疫苗，效果好且免费。但先天性或获得性免疫功能缺陷者，应选择乙脑灭活疫苗，禁用乙脑减毒活疫苗。乙脑疫苗接种了，就可以完全避免得流行性乙型脑炎吗？和所有其他疫苗一样，乙脑疫苗无论是减毒活疫苗还是灭活疫苗，按程序接种后可以达到 95% 以上的保护效果，但无法达到 100% 的保护效果，存在免疫失败的可能。由于我国适龄儿童乙脑疫苗的接种率非常高，建立了有效的免疫屏障，我国近三年来，全国乙脑报告病例均未超过 1500 例，乙脑发病率已经降得非常低了。所以，接种过乙脑疫苗再感染乙型脑炎的风险，只存在于理论中，实际中几乎不会发生。已经感染过乙型脑炎，还需要接种乙脑疫苗吗？感染过乙脑病毒后，不管有没有导致脑炎、有没有表现出症状，都可以产生较为持久的免疫力，因此通常不需要再接种乙脑疫苗了。,乙脑疫苗哪些人不能接种？接种乙脑疫苗后发生严重过敏者，通常不建议继续接种。患中度以上急性疾病（如急性中耳炎）、严重慢性疾病（如心、肾及肝脏等疾病）、慢性疾病的急性发作期、急性传染病等，应暂缓接种，康复后再接种疫苗。妊娠期女性不应该接种乙脑减毒活疫苗；育龄期女性接种乙脑减毒活疫苗后，3 个月内应避免怀孕。免疫缺陷、免疫功能低下或正在接受免疫抑制治疗者，不适合接种乙脑减毒活疫苗，但这类患者可以接种乙脑灭活疫苗。乙脑疫苗和其他药物会产生相互作用吗？免疫球蛋白会干扰减毒活疫苗的免疫应答，因此注射免疫球蛋白者通常建议间隔 3 个月以上再接种乙脑减毒活疫苗，以免影响疫苗效果。乙脑疫苗可以和其他疫苗一起接种吗？乙脑减毒活疫苗：一般而言，乙脑减毒活疫苗可以和其他注射类减毒活疫苗同时接种，如未同时接种，则应至少间隔 1 个月。乙脑减毒活疫苗可以和其他非注射类减毒活疫苗、非活疫苗同时接种，或间隔任意时间接种。乙脑灭活疫苗：一般而言，乙脑灭活疫苗可以和其他疫苗同时接种，或间隔任意时间接种。乙脑减毒活疫苗全年都可以接种吗？是的。全年任何季节均可接种乙脑减毒活疫苗。,乙脑疫苗如何接种？接种方法为皮下注射，接种部位为上臂外侧三角肌下缘附着处。乙脑减毒活疫苗：需接种两剂，于 8 月龄、2 岁各接种一次。乙脑灭活疫苗：一般需要接种四剂，于 8 月龄开始接种，依次接种第一针和第二针，时间间隔 7～10 天；然后于 2 岁和 6 岁分别接种第三针和第四针。乙脑疫苗如何补种？≤ 14 岁未接种乙脑疫苗的儿童，如果使用乙脑减毒活疫苗进行补种，应补齐两剂，接种间隔 ≥ 12 个月。青海、新疆和西藏地区未接种过疫苗的居民，迁居其他省份或在乙脑流行季节（每年 7～9 月）前往其他省份旅行时，建议接种一剂乙脑减毒活疫苗。,乙脑疫苗接种可能会发生哪些不良反应？乙脑疫苗无论是乙脑减毒活疫苗还是乙脑灭活疫苗，其安全性都非常高，很少发生严重不良反应。乙脑疫苗接种后常见的不良反应有短暂性发热和接种部位红肿，通常不超过 2 天可自行缓解。偶有散在性皮疹发生（发生率低于万分之一），一般无需特殊处理。如出现严重皮疹，应及时就医。,乙脑疫苗如果无法接种，应该怎么预防流行性乙型脑炎？蚊子是传播乙型脑炎病毒的重要媒介，主要传染源是猪。对于无法按时接种乙脑疫苗的人群，应该首先做好个人防蚊和生活区灭蚊工作，如使用蚊帐、蚊香，安装纱门、纱窗，喷洒灭蚊剂，以及蚊虫孳生地清理等。
10938,https://dxy.com/drug/10938/detail,麻腮风疫苗,一类疫苗,"・ 可降低患麻疹、流行性腮腺炎、风疹的风险。
・ 八月龄、十八月龄各接种一剂次麻腮风疫苗。
・ 计划怀孕前建议接种一剂。",・ 刁连东，孙晓冬. 实用疫苗学[M]. 上海：上海科学技术出版社，2015.,麻腮风疫苗是什么？有什么用？麻腮风疫苗的全称是「麻疹腮腺炎风疹联合减毒活疫苗」，可简写为「MMR 疫苗」，为三联减毒活疫苗，由麻疹、腮腺炎、风疹减毒活病毒等成分组成。麻疹病毒通过呼吸道飞沫传播，传染性极强，可导致脑炎、肺炎、心肌炎、视力障碍等严重并发症，麻疹曾经严重威胁儿童健康，发展中国家病死率可高达 2～15%。流行性腮腺炎病毒通过飞沫传播，传染性强，可导致睾丸炎、卵巢炎、乳腺炎、脑膜炎、胰腺炎、耳聋等并发症，病死率为 0.5～2.3%。风疹主要也是通过呼吸道飞沫传播，传染性强，风疹虽然症状较轻且多为隐性感染，但妊娠期女性感染风疹可导致胎儿先天性风疹综合征，可引起流产、先天性畸形和智力障碍等严重后果。麻腮风疫苗是什么？有什么用？麻腮风疫苗能够刺激机体同时产生对麻疹病毒、腮腺炎病毒和风疹病毒的免疫力，从而预防麻疹、流行性腮腺炎和风疹。麻风疫苗是什么？麻风疫苗的全称是麻疹风疹联合疫苗，是预防麻疹、风疹的二联疫苗，也是减毒活疫苗，和麻腮风疫苗相比少了腮腺炎减毒活病毒成分。曾广泛使用的麻风疫苗已全面用麻腮风疫苗代替。我国目前的免疫程序是：宝宝 8 月龄、18 月龄各接种一剂麻腮风疫苗。麻风和麻腮风疫苗需要为哪些人接种？8 月龄以上的儿童需要接种麻腮风疫苗。全年均可接种。此外，对无麻腮风疫苗接种史或接种史不详的成年人，尤其是准备妊娠的女性，建议接种至少一剂次麻腮风疫苗，育龄期妇女接种该疫苗后应严格避孕至少三个月。麻腮风疫苗有哪几种可供选择？目前国产麻腮风疫苗主要是由北京北生研生物制品有限公司和上海生物制品研究所这两个公司生产。国产麻风疫苗目前有北京北生研生物制品有限公司和北京民海生物科技有限公司生产。麻腮风疫苗是几类疫苗？是免费的吗？麻腮风疫苗既有免疫规划的免费疫苗，也有非免疫规划自费疫苗，适龄儿童可免费接种，成人如需接种则需自费。麻腮风疫苗接种后，就可以完全避免得病吗？不一定。和其他所有疫苗一样，接种麻腮风疫苗后不一定产生 100% 的保护效果。由于我国大部分省份曾经对适龄儿童采用一剂次麻风疫苗和一剂次麻腮风疫苗的免疫策略，对麻疹和风疹的保护效果较好，但是对腮腺炎的保护效果略差。因此，建议未接种两针剂麻腮风疫苗的省份的儿童，尽快接种一针自费腮腺炎疫苗或麻腮风疫苗，以达到对腮腺炎更佳的免疫保护效果。,麻腮风疫苗不能给哪些人接种？已知对疫苗的任何成分严重过敏者，通常不建议接种该疫苗。患中度以上急性疾病（如急性中耳炎）、严重慢性疾病（如心、肾及肝脏等疾病）、慢性疾病的急性发作期、急性传染病等，应暂缓接种，康复后再接种疫苗。妊娠期女性不应该接种麻腮风疫苗；育龄期女性接种麻腮风疫苗后，3 个月内应避免怀孕。免疫缺陷、免疫功能低下或正在接受免疫抑制治疗者，不适合接种麻腮风疫苗。麻腮风疫苗给哪些人接种需谨慎？有惊厥史或惊厥家族史者、慢性疾病患者、有癫痫史者、过敏体质者、哺乳期妇女，需谨慎接种，权衡利弊后再接种。患过腮腺炎或者麻疹、风疹后，是否还需要接种麻腮风疫苗？麻腮风联合疫苗可预防麻疹、流行性腮腺炎、风疹三种疾病。患过其中一种的话，接种麻腮风联合疫苗仍可以预防另外两种传染病。也可以选择接种麻风联合疫苗或腮腺炎疫苗以预防对应的疾病。麻腮风疫苗可以和其他疫苗一起接种吗？视情况而定。由于麻腮风疫苗是活疫苗，和其它注射类减毒活疫苗如需同时接种，则应间隔一个月以上使用。麻腮风疫苗可以和其他非减毒活疫苗和口服减毒活疫苗同时接种，也可以间隔任意时间接种。麻腮风疫苗在用过免疫球蛋白的患者身上如何接种？免疫球蛋白可能会干扰身体对麻腮风疫苗产生免疫应答，使疫苗起不到应有的效果。所以，如使用过人免疫球蛋白或接受过血液或血浆输血，应间隔三个月以上再接种麻腮风疫苗。如果已经接种了麻腮风疫苗，两周内应尽量避免使用上述药物。,麻腮风疫苗如何接种？注射部位为上臂外侧三角肌下缘附着处的皮下，注射方法为皮下注射。,麻腮风疫苗接种后可能会发生哪些不良反应？总体而言，麻腮风疫苗安全性很好，接种该疫苗 6～11 天个别人可出现短暂性发热和散在皮疹，通常不超过 2 天可自行缓解。成年人接种本疫苗后可能发生关节炎，表现为大关节疼痛，一般无需特殊处理可自行缓解，如不适症状比较明显，应及时就医。,麻腮风疫苗怎么储存？按说明书贮存。麻腮风疫苗的成分是什么？主要成分是麻疹、腮腺炎、风疹减毒活病毒。辅料包括：199 培养液、MEM 培养液、硫酸庆大霉素和卡那霉素、明胶、人血白蛋白、蔗糖等。麻腮风疫苗接种后会引起小儿自闭症吗？不会。没有证据表明麻腮风疫苗与自闭症之间存在关联。所以网上的说法是谣传，可以放心接种。
10934,https://dxy.com/drug/10934/detail,甲肝疫苗,一类疫苗,"・ 1.5 周岁以上的儿童和成人都应该接种。
・ 灭活疫苗可与其他疫苗同时在不同部位接种。
・ 妊娠期妇女禁用甲肝减毒活疫苗。",・ 李兰娟，任红. 传染病学[M]. 第 9 版. 北京：人民卫生出版社，2018.,甲肝疫苗是什么？有什么用？甲肝是甲型病毒性肝炎的简称，是由甲型肝炎病毒引起的一种急性肠道传染疾病，主要通过粪口途径传播。目前有效防止甲肝的方法是接种甲肝疫苗。甲肝疫苗在我国纳入免疫规划免费疫苗。接种甲肝疫苗可以让机体产生抵抗甲肝病毒的免疫力，从而达到预防甲肝的目的。哪些人需要接种甲肝疫苗？年龄在 1.5周岁以上的儿童和成人（特别是医务工作者、食品行业从业人员、职业中需要接触甲肝病毒的人），均是甲肝病毒容易感染的对象，所以都需要接种甲肝疫苗。儿童首次接种时间为 18 月龄，成人无年龄限制。甲肝疫苗有哪几种可供选择？常用的甲肝疫苗有两大类，即甲肝减毒活疫苗和甲肝灭活疫苗。甲肝减毒活疫苗：甲肝减毒活疫苗里面含有减毒的甲肝活病毒，既能够诱使机体产生保护性抗体，又可以增强细胞免疫能力。减毒活疫苗的优点在于只需接种一次，免疫效果也比较稳固。甲肝灭活疫苗：灭活疫苗是选用免疫性好的病毒进行人工培养，灭活、纯化制成的疫苗。这类疫苗里面的甲肝病毒没有生物活性，不具有繁殖能力和传染性。全程需要注射两次，间隔 6 个月。甲肝疫苗是几类疫苗？免费吗？甲肝疫苗既有免费疫苗也有自费疫苗。目前除上海外，其他省份免疫规划甲肝疫苗均为甲肝减毒活疫苗，甲肝灭活疫苗是非免疫规划的自费疫苗。上海免疫规划甲肝疫苗为甲肝灭活疫苗。甲肝疫苗可以用于已经感染过甲肝的患者吗？患过甲型肝炎的人，通常可以获得持久免疫力，没有必要再接种甲肝疫苗了。,甲肝疫苗不能用于哪些人？已知对疫苗成分及辅料严重过敏者，不能接种甲肝疫苗。身体虚弱、严重腹泻、慢性活动性肝炎、肝硬化的人，不能接种甲肝疫苗。免疫缺陷、免疫功能低下或正在接受免疫抑制治疗者，禁用甲肝减毒活疫苗。妊娠期妇女禁用甲肝减毒活疫苗。患中度以上急慢性疾病者，应康复后再接种甲肝疫苗。甲肝疫苗能用于妊娠期妇女吗？妊娠期妇女禁用甲肝减毒活疫苗。至于甲肝灭活疫苗，尚无足够的数据表明妊娠期使用甲肝灭活疫苗会对胎儿造成不利影响。但是，和其他灭活疫苗一样，只有在明显必要时（即感染甲肝的风险大于接种可能带来的风险时），才在妊娠期间接种甲肝灭活疫苗。甲肝疫苗可以和其他疫苗一起接种吗？甲肝减毒活疫苗和其他注射类减毒活疫苗如未同时接种，则应间隔 1 个月以上接种，以免影响免疫效果。甲肝灭活疫苗可以与其他疫苗同时在不同部位接种，也可以间隔任意时间接种。甲肝疫苗会和其他药物产生相互作用吗？注射免疫球蛋白后，应间隔至少 3 个月后再接种甲肝减毒活疫苗，以免影响免疫效果。,甲肝疫苗如何接种？灭活疫苗需要接种 2 剂：18 月龄接种第一针，至少 6 个月后再接种第二针加强免疫。上臂外侧三角肌附着处肌肉注射。减毒活疫苗需要接种 1 剂：满 18 月龄接种一针。上臂外侧三角肌附着处皮下注射。甲肝疫苗计划接种时间错过了，如何补种？未接种甲肝疫苗者，如果使用甲肝减毒活疫苗进行补种，需补种一剂；如使用甲肝灭活疫苗补种，需补种二剂，二剂次间隔 6 个月。,甲肝疫苗接种后可能会发生哪些不良反应？常见不良反应有接种部位红肿、疼痛、短暂性发热等，通常 1～3 天可自行缓解，无需特殊处理。极罕见不良反应有过敏性皮疹和过敏性紫癜等，主要表现为皮疹、皮肤瘀斑瘀点等，一旦发生应及时就诊。,甲肝疫苗无法接种的情况下，如何预防甲肝？甲肝病毒属于肠道病毒，通过粪口途径传播，注意环境卫生和个人卫生，可以有效预防：餐前（包括准备食物前）和便后洗手，给婴儿更换尿布后也要洗手，并处理好粪便；做好食品和生活饮用水卫生，不要直接饮用生水、不要直接吃生食；做好食具和玩具的消毒工作，避免病从口入。
10939,https://dxy.com/drug/10939/detail,肺炎球菌疫苗,二类疫苗,"・ 用于预防肺炎球菌引起的感染性疾病。
・ PCV 对相应疾病预防效力约为 95%。
・ 13 价适合 5 岁以下，23 价适合 2 岁以上。","・ Elaine I Tuomanen. 儿童肺炎球菌(肺炎链球菌)结合疫苗. UpToDate临床顾问. https://www.uptodate.com/contents/zh-Hans/invasive-pneumococcal-streptococcus-pneumoniae-infections-and-bacteremia.  (Assessed on Oct 28, 2019).
・ Daniel M Musher. 儿童肺炎球菌(肺炎链球菌)结合疫苗. UpToDate临床顾问. https://www.uptodate.com/contents/zh-Hans/invasive-pneumococcal-streptococcus-pneumoniae-infections-and-bacteremia.  (Assessed on Nov 27, 2019).
・ WHO Publication. Pneumococcal vaccines WHO position paper 一 2012.Vaccine. 2012, 30(32): 4717-8. doi: 10.1016/j.vaccine.2012.04.093.
・ 中华预防医学会和中华预防医学会疫苗与免疫分会. 肺炎球菌性疾病免疫预防专家共识(2017版)[J]. 中国预防医学杂志. 2018, 19(3): 161-191.
・ 13价肺炎球菌多糖结合疫苗说明书",肺炎球菌疫苗是什么？有什么用？肺炎球菌是引起肺炎、脑膜炎、中耳炎等感染的重要病原体，常常寄生在人的鼻咽部，约有 40～70% 健康人群带菌。接种肺炎疫苗可以有效预防肺炎球菌引起的疾病。目前有两种肺炎球菌疫苗：13 价肺炎球菌结合疫苗（PCV 13）和 23 价肺炎球菌多糖疫苗（PPV 23），分别适用于不同人群。肺炎链球菌疫苗有哪几种？有什么区别？目前我国可接种的肺炎链球菌疫苗有两种，PCV 13 和 PPV 23，两种疫苗预防的细菌类型不一样。PCV 13：通用名是 13 价肺炎球菌结合疫苗，2016 年批准上市，可预防 1、3、4、5、6A、6B、7F、9V、14、18C、19A、19F、23F 等 13 型的肺炎球菌感染。PPV 23：通用名为 23 价肺炎球菌多糖疫苗，可预防 1、2、3、4、5、6B、7F、8、9N、9V、10A、11A、12F、14、15B、17F、18C、19A、19F、20、22F、23F 和 33F 等 23 型肺炎球菌感染。肺炎球菌疫苗推荐哪些人接种？PCV 13 疫苗适用人群：我国推荐用于 6 周龄 ～ 15 月龄婴幼儿。WHO 和其他国家还有适用于 6 月龄 ～ 5 岁儿童的不同年龄段接种程序。此外，PCV 13 已在国外应用于成人，也已取得非常好的免疫效果。PPV 23 疫苗适用人群：推荐 2 岁以上感染肺炎球菌、患肺炎风险高的人群接种。2 岁以上健康状况良好的儿童接种该疫苗的性价比比较低。以下人群感染肺炎球菌的风险较高，可作为重点接种对象：老年人。患有慢性心血管疾病的患者，比如充血性心力衰竭、心肌病、肺气肿、慢性阻塞性肺病、糖尿病等。有酒精中毒、慢性肝脏疾病（包括肝硬化）及脑脊液漏的人群。没有脾脏的人群（包括先天性无脾和后天切除脾脏）。免疫功能受损人群，比如 HIV 感染、白血病、恶性肿瘤、进行免疫抑制治疗（包括使用糖皮质激素类药物）、慢性肾衰、淋巴瘤、霍奇金病、多发性骨髓瘤、器官或骨髓移植患者。肺炎球菌疫苗已经得过肺炎的人，还有必要接种吗？肺炎球菌有多种血清型，即使得过肺炎，也不可能对所有血清型的肺炎球菌产生抵抗力，因此仍然有必要接种肺炎疫苗，可以有效预防疫苗包含的肺炎球菌血清型感染。肺炎球菌疫苗是几类疫苗？免费吗？肺炎球菌疫苗是二类疫苗，需要自费。肺炎球菌疫苗接种后，可以完全避免肺炎吗？接种肺炎疫苗能有效降低肺炎球菌引起的肺炎，但疫苗只能对本身包含的血清型有预防作用，不能预防这些血清型以外的肺炎球菌和其他微生物导致的肺炎、中耳炎或其他疾病。目前研究显示，接种肺炎球菌结合疫苗（PCV）对相应血清型肺炎球菌引起的疾病的预防效力约为 95%。,肺炎球菌疫苗哪些人不能接种或需谨慎接种？对疫苗中任何成分严重过敏者，不能接种疫苗。中度或重度的急性疾病，无论是否发热，接种疫苗需谨慎；轻微感冒不影响接种。不推荐 2 岁以下（不包括 2 岁）的婴幼儿接种 PPV 23；2 岁以上健康状况良好的儿童接种该疫苗的性价比也较低。正在进行免疫抑制治疗或有免疫功能缺陷的人群接种肺炎疫苗可能无法达到理想的预防效果。妊娠期和哺乳期女性可以接种肺炎球菌疫苗吗？目前尚未批准肺炎球菌疫苗用于妊娠期和哺乳期女性，虽然理论上来说不太可能发生危害，但目前没有对安全性进行过评估，只有在确实需要的情况下才能谨慎接种。肺炎球菌疫苗与其他药物有相互影响吗？使用免疫抑制剂治疗（包括糖皮质激素和环孢素等），可能会降低肺炎疫苗的免疫效果，最好是在开始免疫抑制治疗前 2 周完成接种。肺炎球菌疫苗可以和其他疫苗一起接种吗？可以，但需要在不同部位接种，且不能使用同一注射器。根据临床试验、上市后观察和综述等文献回顾，PCV 13 和 PPV 23 疫苗不管是单独接种，还是与其他疫苗同时接种，安全性都表现良好。常见不良反应为接种部位疼痛、接种部位红肿等；常见全身反应为发热，症状轻微且能自行好转；有热性惊厥、川崎病等疾病报告，但未确定其是否和接种疫苗有关联。,肺炎链球菌疫苗需要接种几次？每次间隔多长时间？PCV 13 推荐接种程序：进口 PCV 13 标准程序为 2、4、6 月龄各接种一次进行基础免疫，12～15 月龄加强免疫一次，共四剂。基础免疫的第一次接种时间最早可以在 6 周龄，以后各剂接种间隔为 4～8 周，内地大部分省份要求在 6 月龄内完成基础三针接种。第四剂在 12～15 月龄接种，与第三剂接种时间间隔不得少于 8 周。早产儿按照实际月龄接种。国产 PCV 13 接种程序为：2～6 月龄：按照 2、4、6 月龄或 3、4、5 月龄完成基础免疫，第四剂在 12～15 月龄接种。7～11 月龄：2 剂，间隔 2 个月，加强针 12 月龄以后接种，与第 2 剂间隔至少 2 月。12～23 月龄：接种 2 剂，间隔至少 2 个月。2～5 岁：接种 1 剂。PPV 23 推荐接种程序：建议老年人和肺炎感染高风险人群接种，通常只需要接种一剂。但存在感染肺炎链球菌高危因素者，如果首次接种后已超过 5 年，建议再次接种以加强免疫。肺炎链球菌疫苗如何接种？PCV 13：接种前摇匀，首选婴幼儿的大腿前外侧区域或儿童的上臂三角肌，肌内注射，剂量为 0.5 ml。PPV 23：上臂外侧三角肌皮下或肌内注射，每次注射 0.5 ml。孩子错过了 13 价肺炎疫苗（PCV 13）的接种时间怎么办？2020 年之前，我国批准的进口PCV 13 的接种程序为：基础免疫的三针在 6 月龄内完成，加强免疫的一针在 12～15 月龄完成。如果孩子在首次接种 PCV 13 时预估 6 月龄前无法完成基础免疫，接种点可能就不会给孩子接种了，因为国内无 6～12 月龄基础免疫接种的临床实验数据，所以未批准接种。但自 2020 年一二季度之后，国内不同省市先后上市了国产肺炎 13 价疫苗，接种年龄范围是 6 周龄～5 周岁。所以前面错过接种的健康儿童，可以根据国产肺炎疫苗的说明书进行补接种（或在港、澳、台等地接种进口肺炎 13 价疫苗）。另外，世界卫生组织推荐有感染肺炎球菌高风险的 2～5 岁儿童，此阶段可以接种 2 剂次肺炎 13 价疫苗，并接种 1 剂肺炎 23 价疫苗。肺炎球菌疫苗没有接种完但断货了，怎么办？PCV 13 标准程序需要接种四剂，如果接种尚未完成存在断货情况，建议等疫苗到了以后及时补种，无需重复以前已经接种过的剂次。对于以前接种过 PCV 13，但因各种原因未能按时完成接种程序的孩子，有多接种方案可供选择，具体可咨询正规的疫苗接种机构。肺炎球菌疫苗接种时发生了肺炎球菌感染，还需要继续完成接种吗？如果在接种疫苗期间发生了肺炎球菌感染，暂不适合接种，在痊愈后可以继续完成接种。,肺炎链球菌疫苗接种可能出现哪些不良反应？接种疫苗后的不良反应，两种疫苗相同。最常见的是注射部位局部红肿、疼痛以及注射部位手臂活动受限；还有一些全身反应，比如发热、头痛、寒战、厌食、肌肉酸痛、关节疼痛，症状轻微且能自行好转。如出现比较严重的不良反应，应及时就诊。以前得过肺炎，接种肺炎疫苗会导致疾病复发吗？肺炎疫苗是灭活疫苗，没有致病性，因此接种后不会导致肺炎。,肺炎疫苗怎么贮存？按说明书贮存，此不展开详述。肺炎链球菌疫苗的参考价格是多少？PCV 13 疫苗 1 剂的价格在 800 元左右，PPV 23 疫苗 1 剂的价格在 200 元左右。如果无法接种肺炎疫苗，孩子应该怎么预防肺炎？在婴儿出生后鼓励母乳喂养。在日常生活中给予足够营养、及时合理添加辅食，多到户外活动、锻炼身体、增强体质和对寒冷天气的适应能力。注意补充维生素 D，积极防治佝偻病等营养性疾病，因其与肺炎的发生及治疗效果均有较密切的关系。大人应戒烟，孩子要避开二手烟、三手烟环境。秋冬季或疾病流行期，尽量减少去公众场合的次数。保证室内环境空气流通。在家人或周围儿童生病时尽量减少接触，生病的家人要勤洗手、戴口罩，以免交叉感染家中的孩子。平时不要滥用抗生素。做好常规疫苗的接种，比如麻疹、流感疫苗。对于患有镰刀贫血症、功能性无脾或解剖性无脾的婴幼儿，建议使用青霉素 G 或 V 预防肺炎。
11019,https://dxy.com/drug/11019/detail,五联疫苗,二类疫苗,"・ 保护率可达85% 以上。
・ 可以和其他疫苗同时接种。
・ 2 月龄及以上的婴幼儿推荐接种。",・ 刁连东，孙晓冬. 实用疫苗学[M]. 上海：上海科学技术出版社，2015.,五联疫苗是什么？五联疫苗的全称是「吸附无细胞百白破、灭活脊髓灰质炎和 B 型流感嗜血杆菌（结合）联合疫苗」，也可以简写为「DTap-Hib-IPV 联合疫苗」，包含白喉类毒素、破伤风类毒素、无细胞百日咳疫苗、B 型流感嗜血杆菌结合疫苗、脊髓灰质炎灭活疫苗 5 种成分，可以预防百日咳、白喉、破伤风、B 型流感嗜血杆菌感染、脊髓灰质炎这 5 类疾病，故简称五联疫苗。五联疫苗有什么作用？五联疫苗的优点是接种次数较少，接种效率更高，相比于分开接种无细胞百白破疫苗、Hib 疫苗和脊髓灰质炎疫苗，可以少接种 8 次，减少孩子医院内交叉感染的概率。不仅孩子少受罪、大人少奔波，还能让孩子更早得到保护。五联疫苗是第几类疫苗？五联疫苗是第二类疫苗，需要自己付费接种，不在国家免疫规划第一类疫苗范围内。家长可以根据孩子的具体情况，自愿自费接种。五联疫苗哪些人推荐接种？2 月龄及以上的婴幼儿推荐接种 DTap-Hib-IPV 五联疫苗。五联疫苗有几种？中国内地的 DTap-Hib-IPV 五联疫苗只有一种，由巴斯德公司生产，商品名是潘太欣。五联疫苗有多少保护效果？对于脊髓灰质炎、白喉、破伤风、流感嗜血杆菌感染的保护率可以达 95% 以上，对百日咳保护率在 85% 以上。,五联疫苗哪些人不能接种或需谨慎接种？对疫苗中任一成分曾经严重过敏者，不能接种。既往接种含有相同组分疫苗发生危及生命安全的严重不良反应者，不能接种。患有未控制的癫痫、进行性神经系统疾病者，不能接种。发热或急性期疾病者应暂缓接种。五联疫苗哪些情况可以照常接种？轻度的先天性心脏病，比如卵圆孔未闭、动脉导管未闭、房间隔缺损、室间隔缺损。暂时性的湿疹、皮疹、痱子。对食物轻度过敏，比如对牛奶、鸡蛋、鱼虾过敏。早产儿可以接种。但对于 ＜ 28 周龄的早产儿进行基础免疫时，有潜在的窒息风险，接种后应进行 48～72 小时的呼吸监测，尤其是对于呼吸系统发育不全的婴儿。由于此类早产儿接种疫苗的收益远大于风险，因此不应拒绝或推迟接种。服用维生素类药物。另外，五联疫苗不是活疫苗，所以对于有免疫抑制或者免疫缺陷的儿童仍然是安全有效的，如果是正在住院治疗中的患儿，最好在医生指导下接种疫苗。五联疫苗接种过，就不需要接种哪些疫苗了？接种过 DTap-Hib-IPV 五联疫苗，就不需要再接种免费的无细胞百白破疫苗和脊髓灰质炎疫苗了。此外，由于五联疫苗中还含有 Hib 疫苗，因此也不需要额外去接种自费的 Hib 疫苗了。五联疫苗可以和其他疫苗一起接种吗？可以和其他疫苗同时接种。,五联疫苗需要接种几次？每次间隔多长时间？DTap-Hib-IPV 五联疫苗共需接种四针，前三针为基础免疫，第四针为加强免疫。标准程序是：2、3、4、18 月龄各接种一针，共四针。前三针每针之间最短间隔 1 个月，第四针与第三针间隔 6 个月以上。五联疫苗如何接种？推荐最佳接种部位为：婴儿的大腿前外侧（中间 1/3 处），肌肉内注射。接种后现场留观 30 分钟，无异常再离开。五联疫苗错过了接种时间怎么办？DTap-Hib-IPV 五联疫苗是第二类疫苗，如果错过了接种时间，一般是已经接种过相应的第一类疫苗。后续可以继续按计划接种第一类疫苗，也可以转为接种五联疫苗。百白破疫苗、脊髓灰质炎疫苗、B 型流感嗜血杆菌疫苗，和五联疫苗一样，均需全程接种四次。在保证每种疫苗都能接种够四次的前提下，转换为五联疫苗即可，具体可咨询预防接种医生。五联疫苗已经接种过，中途可以换用其他种类的疫苗吗？不推荐反复更换疫苗种类，如果的确因为客观原因无法继续接种，有两种替代方案：更换为免费的百白破疫苗 + 免费的脊髓灰质炎疫苗 + 自费的流感嗜血杆菌疫苗；更换为自费的百白破-Hib 四联疫苗 + 免费的脊髓灰质炎疫苗。,接种五联疫苗可能出现哪些不良反应？常见局部不良反应有：注射部位的硬结、红肿、疼痛等，一般是在接种后 24 小时内出现，可以自行消退。常见全身不良反应有：发热、偶见体温超 39℃ 的高热，一般会在 24 小时内自行好转。出现低热时可以增加奶量或饮水量，保证液体摄入。如果接种后出现高热惊厥，则不建议继续接种该疫苗。,存储方法按说明书贮存。
11002,https://dxy.com/drug/11002/detail,四联疫苗,二类疫苗,"・ 含百白破和 B 型流感嗜血杆菌结合疫苗。
・ 自费疫苗，3 月龄以上的孩子可以接种。
・ 可以和其他疫苗同时接种。",・ 刁连东，孙晓冬. 实用疫苗学[M]. 上海：上海科学技术出版社，2015.,四联疫苗是什么药物？主要有什么用途？四联疫苗是个俗称，全称是「无细胞百白破 B 型流感嗜血杆菌联合疫苗」，也可简写为「百白破 - Hib 疫苗」。该联合疫苗包含百白破疫苗和 B 型流感嗜血杆菌结合疫苗，可以预防百日咳、白喉、破伤风、B 型流感嗜血杆菌感染这四类疾病，故简称四联疫苗。四联疫苗哪些人推荐接种？3 个月以上的孩子可以接种四联疫苗。接种四联疫苗后，就不用再接种百白破疫苗和 Hib 疫苗了。相比于单独接种百白破疫苗和 Hib 疫苗，四联疫苗的优点是接种次数较少，更为方便，孩子少受罪，大人少奔波。相对于第一类的百白破疫苗，四联疫苗多了对 B 型流感嗜血杆菌的防护，在缺乏五联疫苗的情况下，推荐接种四联疫苗代替百白破疫苗。四联疫苗是几类疫苗？四联疫苗是第二类疫苗，需要自己付费接种。不在国家免疫规划第一类疫苗范围内。四联疫苗有几类？目前，我国市面上的百白破 - Hib 四联疫苗只有一种，是国产疫苗，由北京民海公司生产，商品名是美联吉泰。一针价格在 300 元左右，全程免疫需要接种四针。此外，我国曾在 2010 年短暂上市过进口百白破 - Hib 四联疫苗（史克公司），已下市。四联疫苗接种后有多大概率避免这四种疾病？接种百白破 - Hib 四联疫苗，和分别接种百白破、B 型流感嗜血杆菌疫苗的保护效果一样。对百日咳的保护效果可达到 80% 左右，对白喉的保护效果可达到 90% 以上，对破伤风的保护效果可达到 95% 以上，对 B 型流感嗜血杆菌感染的保护效果可达到 90% 以上。,四联疫苗哪些人不能接种或需谨慎接种？对疫苗成分曾经有严重过敏者，或者曾经对百白破、Hib 疫苗严重过敏者，禁止接种。有未控制的癫痫或进行性神经系统疾病者，禁止接种。有中重度疾病的儿童，包括急性传染病及发热者，应暂缓接种。四联疫苗哪些情况可以照常接种？轻度的先天性心脏病，比如卵圆孔未闭、动脉导管未闭、房间隔缺损、室间隔缺损。暂时性的湿疹、皮疹、痱子。对食物轻度过敏，比如对牛奶、鸡蛋、鱼虾过敏。早产儿。正在服用维生素类药物。四联疫苗可以和其他疫苗一起接种吗？可以和其他疫苗同时接种。,四联疫苗如何接种？标准程序：共四针，3、4、5、18 月龄各接种一针。前三针每针之间最短间隔一个月，第四针与第三针间隔 6 个月以上。推荐接种部位：婴儿的臀部外上方 1/4 处，肌肉内注射。接种后在现场留观 30 分钟，无异常再离开。四联疫苗接种之后中途可以换用其他种类的疫苗吗？不推荐反复更换疫苗种类，如果的确因为客观原因无法继续接种，有两种替代方案：更换为免费的百白破疫苗 + 自费的 B 型流感嗜血杆菌疫苗;更换为 Hib-百白破-脊髓灰质炎五联疫苗，但需要同时考虑脊髓灰质炎疫苗的接种剂次数。,四联疫苗接种之后可能出现哪些不良反应？常见局部不良反应有：注射部位的硬结、红肿、疼痛等，一般是在接种后 24 小时内出现，可以自行消退。常见全身不良反应有：发热、偶见体温超 39℃ 的高热，一般会在 24 小时内自行好转。出现低热时可以增加奶量或饮水量，保证液体摄入。如果接种后出现高热惊厥，则不建议继续接种该疫苗。,四联疫苗怎么储存？按说明书贮存。四联疫苗性状是什么？暂无。
10936,https://dxy.com/drug/10936/detail,B 型流感嗜血杆菌疫苗,二类疫苗,"・ 接种后，感染的发病率下降 90% 以上。
・ 可以与其他疫苗同时接种，需在不同部位。
・ 2 个月到 5 周岁的儿童都推荐接种。",・ 刁连东，孙晓冬. 实用疫苗学[M]. 上海：上海科学技术出版社，2015.,流感嗜血杆菌是什么？会引起哪些疾病？流感嗜血杆菌是一种可以在人与人之间传播的细菌，通过空气和飞沫传播。流感嗜血杆菌主要引起脑膜炎、会厌炎、肺炎、菌血症、骨髓炎、脓毒性关节炎、蜂窝织炎等严重疾病。流感嗜血杆菌造成的严重疾病 95% 以上由血清 B 型流感嗜血杆菌（Hib）引起。世界卫生组织的一项关于 Hib 疾病的评估项目推测，在 2000 年，流感嗜血杆菌感染在全球范围内造成了 800 万严重病例，37.1 万人死亡，其中多数是 5 岁以下的儿童。B 型流感嗜血杆菌疫苗是什么？有什么用？B 型流感嗜血杆菌结合疫苗（简称 Hib 疫苗或流感嗜血杆菌疫苗 ），是针对 B 型流感嗜血杆菌的疫苗。疫苗内包含提纯的 B 型流感嗜血杆菌荚膜多糖等成分，可刺激人体的免疫系统产生相应的特异性抗体，以减少受到 B 型流感嗜血杆菌感染的风险。接种流感嗜血杆菌疫苗，可以显著减少儿童因流感嗜血杆菌感染引起的脑膜炎、肺炎和死亡。Hib 疫苗一般推荐哪些人进行接种？2 个月到 5 周岁的儿童都推荐接种。不同厂家的疫苗起始接种年龄略有不同，以说明书为准。Hib 疫苗是几类疫苗？自费还是免费？Hib 疫苗是二类疫苗，需要自己付费接种，目前不在国家免疫规划的第一类疫苗范围内。可以根据情况自愿选择接种。Hib 疫苗有哪几种？有什么区别？有单独接种的 Hib 疫苗，也有含 Hib 疫苗成分的联合疫苗，包括百白破 - Hib 联合疫苗（俗称四联疫苗）、百白破 - 灭活脊髓灰质炎 - Hib 联合疫苗（俗称五联疫苗）、AC 流脑 - Hib 联合疫苗。联合疫苗同样也是自费疫苗。联合疫苗是将 Hib 疫苗和其他疫苗组合制作而成的疫苗。接种联合疫苗可以减少孩子接种的次数，更为方便。Hib 疫苗接种后，有多大概率避免感染？疫苗的保护效力很高。据统计，将 Hib 疫苗纳入免费疫苗接种计划后，侵袭性流感嗜血杆菌感染的发病率急剧下降 90% 以上。,Hib 疫苗在哪些情况下不能接种或需谨慎接种 ？已知对疫苗中任意成分有过敏史者，有严重心脏病、高血压、肝肾疾病者，不能接种。在患儿有发热、急性疾病的情况下，特别是有感染性疾病或慢性疾病活动期时，应暂缓接种。待病情恢复、治疗结束后再接种。有出血性疾病史（包括血小板减少）、进行抗凝治疗的患者、有格林-巴利综合征病史者，需权衡利弊、谨慎接种。Hib 疫苗仅限于 5 周岁以下婴幼儿和儿童接种。Hib 疫苗可以用于妊娠期和哺乳期女性吗？5 周岁以上的儿童及成年人无需接种 Hib 疫苗。所以妊娠期和哺乳期女性没必要接种。因为流感嗜血杆菌在人群中流行广泛，孩子很容易接触到这种细菌。如果孩子没接种 Hib 疫苗，年龄越大，自然接触流感嗜血杆菌的机会就越大。到 18 月龄时，1/3 的儿童鼻腔已经存在流感嗜血杆菌定植。身体接触过流感嗜血杆菌后，会产生相应的抗体对自己进行保护。所以 5 周岁以上的儿童就无需接种 Hib 疫苗了。同理，成年人曾经感染过流感嗜血杆菌的可能性很大，而且再次感染也不容易导致严重疾病，故也无需接种。Hib 疫苗在接种过哪些疫苗后就不必接种了？如果接种了含有 Hib 疫苗成分的联合疫苗，就可以不用单独接种 Hib 疫苗。包含 Hib 疫苗的联合疫苗有：百白破 - Hib 联合疫苗（俗称四联疫苗）、百白破 - 灭活脊髓灰质炎 - Hib 联合疫苗（俗称五联疫苗）、AC 流脑 - Hib 联合疫苗。Hib 疫苗可以和其他疫苗一起接种吗？可以同时接种。但应在不同部位接种。,Hib 疫苗需要接种几次？每次间隔多长时间？＜ 6 月龄婴儿：2 月龄开始第一针（有些厂家的疫苗是 3 月龄开始第一针），第二针与第一针至少间隔 1 个月，第三针与第二针至少间隔 1 个月，18 月龄加强接种一针。共四针。6～12 月龄婴儿：第一针为任意时间，第二针与第一针至少间隔 1 个月。18 月龄加强接种一针。共三针。1～5 周岁儿童：如果从未接种过该疫苗，仅需注射一次。＞ 5 周岁儿童：无需接种。Hib 疫苗如何接种？接种部位为上臂三角肌区域，或臀部外上方，肌内注射。Hib 疫苗错过接种时间了，怎么办？疫苗适合 2 个月到 5 周岁的儿童，如果错过疫苗接种，可以按照疫苗接种说明及时补种，根据年龄不同总的针数不同。Hib 疫苗接种第一针后，中途可以换用其他种类的疫苗吗？可以更换为含 Hib 疫苗成分的联合疫苗，如百白破 - Hib 联合疫苗（俗称四联疫苗）、百白破 - 灭活脊髓灰质炎 - Hib 联合疫苗（俗称五联疫苗）、AC 流脑 - Hib 联合疫苗。联合疫苗的一次接种，就可以替代原来计划的 Hib 疫苗的一次接种。相应替换就可以，总的针数不变。,Hib 疫苗接种后可能出现哪些不良反应？局部不良反应可能有：接种部位硬结和红肿。全身不良反应可能有：发热、哭闹增加、食欲不佳、少量皮疹。Hib 疫苗接种后，出现不良反应如何应对？出现局部红肿和硬结，一般是在接种后 24 小时内，可以自行消退。如果红肿明显，48 小时内冷敷，48 小时以后可以用毛巾热敷局部，促进消肿。孩子可能会伴有哭闹增加，家长增加安抚就可以。不适症状也会在 24 小时内消退。孩子如果接种疫苗 24 小时内出现发热，可以增加孩子的奶量，或者喂温水，保证孩子的液体摄入。更换透气的衣物利于散热，不需额外增加衣物。保持室内温度舒适，利于物理降温。疫苗引起的发热可以自行消退，大部分在 24 小时内自行消退。如果孩子出现食欲不佳，可少食多餐、耐心喂食，但不必过于勉强，接种后 24 小时以后会自己恢复。所以不用特别担心。少部分孩子可能会出现少量皮疹，也不需要特殊处理，可自行消退。,Hib 疫苗如何贮存？按说明书贮存。Hib 疫苗的颜色和形态是什么样的？不同厂家生产的疫苗颜色和形态不太一样，有些是无色透明液体，有些是乳白色混悬液体。流感嗜血杆菌分几型？流感嗜血杆菌分两类，有荚膜和无荚膜。有荚膜的流感嗜血杆菌又分为 6 型，A～F 型。其中，B 型流感嗜血杆菌主要引起全身性感染，容易引起严重的疾病。而其他类型的流感嗜血杆菌主要引起呼吸道局部的感染。所以疫苗主要针对 B 型流感嗜血杆菌。Hib 疫苗还没有接种，发生了流感嗜血杆菌感染怎么办？如果没有接种疫苗，当出现流感嗜血杆菌感染时，及时规律足疗程的使用抗生素可以治愈。危重的病人如果出现脑膜炎、脓毒症等治疗疗程会相应延长，可能会需要 4～6 周的治疗时间。极度严重或者治疗不及时的情况下可能会危及生命。由于流感嗜血杆菌培养困难，而且发病时没有特异性，所以疾病初期难以分辨病原菌，往往依靠经验性治疗。Hib 疫苗本身并不昂贵，有条件的家长建议给宝宝接种这个疫苗。
11029,https://dxy.com/drug/11029/detail,AC流脑Hib联合疫苗,二类疫苗,"・ 有效降低流感嗜血杆菌感染几率，达 90% 以上。
・ 2 ～ 71 月龄的孩子均可接种。
・ 可与其他疫苗一起接种，打不同部位即可。",・ 刁连东，孙晓冬. 实用疫苗学[M]. 上海：上海科学技术出版社，2015.,AC 流脑 - Hib 联合疫苗是什么？有什么用？AC 流脑 - Hib 联合疫苗的全称是 AC 群脑膜炎球菌（结合）B 型流感嗜血杆菌（结合）联合疫苗，有很多别名，比如「流脑 HI 疫苗」「MCV-AC/Hib」「AC-Hib 三联疫苗」等等（注意，三联疫苗的叫法并不准确）。AC 流脑 - Hib 联合疫苗包含 A 群、C 群脑膜炎球菌荚膜多糖与破伤风类毒素的共价结合物，以及 B 型流感嗜血杆菌荚膜多糖和破伤风类毒素的结合物，可以预防 A 群、C 群脑膜炎球菌和 B 型流感嗜血杆菌感染，其中 A 群、C 群脑膜炎球菌会引发流行性脑脊髓膜炎，B 型流感嗜血杆菌会引发脑膜炎、肺炎、菌血症、会厌炎、骨髓炎、脓毒性关节炎、蜂窝织炎等严重疾病。AC 流脑 - Hib 联合疫苗的接种人群是哪些？2 ～ 71 月龄的孩子。AC 流脑 - Hib 联合疫苗是几类疫苗？是第二类疫苗，需要付费接种。不在国家免疫规划第一类免费疫苗范围内。AC 流脑 - Hib 联合疫苗有几种？中国内地的 AC 流脑 - Hib 联合疫苗只有国产疫苗，为北京智飞绿竹生物制药有限公司生产，商品名为「喜贝康」。AC 流脑 - Hib 联合疫苗接种后，就可以完全避免得病吗？即使接种了疫苗，也无法保证 100% 绝对有效，不能保证 100% 不得病。AC 流脑 - Hib 联合疫苗的保护效果，理论上和分别接种 AC 流脑结合疫苗及 Hib 疫苗是一样的。Hib 疫苗的保护效力很高，可有效降低流感嗜血杆菌感染达 90% 以上。流脑疫苗有很多种类，其中结合疫苗优于多糖疫苗，多价疫苗优于单价疫苗。比如 AC 流脑结合疫苗优于 AC 流脑多糖疫苗，ACYW135 流脑结合疫苗（中国内地暂无获批上市产品）优于 AC 流脑结合疫苗。所以在条件允许的情况下，推荐接种多价流脑结合疫苗。,AC 流脑 - Hib 联合疫苗哪些人不能接种或需谨慎接种？对疫苗中任一成分曾经有过威胁生命的严重过敏的（如过敏性喉头水肿、过敏性休克等），尤其是对破伤风类毒素严重过敏者，不能接种。但曾经发生过敏性皮疹者，接种疫苗的收益远远大于风险，因此不认为是疫苗禁忌证。疾病的急性期，发热期间，疾病的治疗期，仍在接受静脉滴注治疗时，暂缓接种，待病情稳定、治疗结束后再接种。AC 流脑 - Hib 联合疫苗可以给孕期和哺乳期女性接种吗？AC 流脑 - Hib 联合疫苗的接种人群是 2 ～ 71 月龄的孩子，成年人不需要接种。AC 流脑 - Hib 联合疫苗哪些情况可以照常接种？轻度的先天性心脏病，比如卵圆孔未闭、动脉导管未闭、房间隔缺损。暂时性的湿疹、皮疹、痱子。对食物轻度过敏，比如对牛奶、鸡蛋、鱼虾过敏。早产儿。服用维生素类药物。患有稳定的神经系统疾病，没有逐渐加重的表现。曾经有喘息性支气管炎、哮喘。AC 流脑 - Hib 联合疫苗不是活疫苗，所以对于有免疫抑制或者免疫缺陷的儿童仍然是安全有效的，如果是正在住院治疗中的病人，应暂缓接种或在接种前征求医生的意见。AC 流脑 - Hib 联合疫苗可以替代哪些疫苗？可以被哪些疫苗替代？AC 流脑 - Hib 联合疫苗可以替代哪些疫苗：接种 AC 流脑 - Hib 联合疫苗后，就不需接种 6～9 月龄的免费 A 群流脑多糖疫苗了。需要注意的是，AC 流脑 - Hib 联合疫苗不能完全替代 Hib 疫苗。如果是 2～5 月龄或 6～11 月龄这两个阶段接种的 AC 流脑 - Hib 联合疫苗，还需要在 12～18 月龄时再接种一针 Hib 疫苗。AC 流脑 - Hib 联合疫苗可以被哪些疫苗替代：如果没有接种到 AC 流脑 - Hib 联合疫苗，那么可以分别接种自费的 AC 流脑结合疫苗和自费的 Hib 疫苗作为替代，也可以接种含有 AC 流脑结合疫苗成分、Hib 疫苗成分的自费疫苗，比如百白破 - 脊髓灰质炎 - Hib 联合疫苗（俗称五联疫苗）、百白破 - Hib 联合疫苗（俗称四联疫苗）、ACYW135 流脑结合疫苗等等。AC 流脑 - Hib 联合疫苗可以和其他疫苗一起接种吗？可以和其他疫苗一起接种，注意在不同部位接种即可。,AC 流脑 - Hib 联合疫苗需要接种几次？每次间隔多长时间？不同月龄的孩子，接种方法不同，具体如下：2～5 月龄：共需接种三针 AC 流脑 - Hib 联合疫苗，每针间隔 1 个月。不需要再接种 6～18 月龄的免费 A 群流脑多糖疫苗。建议满 18 月龄接种一针单一成分的 Hib 疫苗，或含 Hib 疫苗成分的联合疫苗，如五联疫苗或四联疫苗。本应在 3、6 岁时各接种一针的免费 AC 流脑多糖疫苗，建议都用自费的 ACYW135 流脑多糖疫苗替代。6～11 月龄：6～11 月龄初始接种者，共需接种两针 AC 流脑 - Hib 联合疫苗，间隔 1 个月。不需要再接种 6～18 月龄的免费 A 群流脑多糖疫苗。建议满 18 月龄接种一针单一成分的 Hib 疫苗，或含 Hib 疫苗成分的联合疫苗，如五联疫苗或四联疫苗。本应在 3、6 岁时各接种一针的免费 AC 流脑多糖疫苗，建议都用自费的 ACYW135 流脑多糖疫苗替代。12～71 月龄：这个阶段的孩子应该已经接种完免费的 A 群流脑多糖疫苗，如果未接种过自费的 Hib 疫苗，那么只需接种一针 AC 流脑 - Hib 联合疫苗即可，需与最后一针 A 群流脑多糖疫苗间隔 3 个月接种。此后，本应在 3、6 岁时各接种一针的免费 AC 流脑多糖疫苗，建议都用自费的 ACYW135 流脑多糖疫苗替代。AC 流脑 - Hib 联合疫苗如何接种？接种部位：上臂三角肌，肌肉内注射。建议接种后现场留观 30 分钟。AC 流脑 - Hib 联合疫苗已经接种，中途可以换用其他种类的疫苗吗？不推荐反复更换疫苗种类，如果的确因为客观原因无法继续接种，可以更换为其他种类的疫苗，具体如何更换，需要咨询接种医生。,AC 流脑 - Hib 联合疫苗接种后可能出现哪些不良反应？局部不良反应可能有：常见的局部不良反应有发红、肿胀、硬结等，偶见的局部不良反应有水泡和局部瘙痒。全身不良反应可能有：常见的全身不良反应有发热、哭闹增加、食欲不佳、腹泻、呕吐等。AC 流脑 - Hib 联合疫苗接种后，出现不良反应应该如何应对？局部红肿和硬结：一般是在接种后 24 小时内，可以自行消退，一般无需特殊处理。哭闹增加：孩子可能会伴有哭闹增加，家长增加安抚就可以。不适症状也会在 24 小时内消退。发热：孩子如果接种疫苗 24 小时内出现发热，可以增加孩子的奶量，或者喂温水，保证孩子的液体摄入。建议更换透气的衣物以利于散热，不需要增加衣物。保持室内温度舒适，利于物理降温。疫苗引起的发热大部分在 24 小时内自行消退。食欲不佳：不要勉强孩子进食，可以尝试少食多餐。通常接种 24 小时以后食欲会自行恢复，所以不用特别担心。如出现未提及的其他严重疑似不良反应，应尽快就医。,AC 流脑 - Hib 联合疫苗应该如何储存？按说明书贮存。
11000,https://dxy.com/drug/11000/detail,流脑疫苗,二类疫苗,"・ 可以和其他疫苗一起接种，可以补种。
・ 所有儿童均应接种，得过脑膜炎的仍需接种。
・ 尽量接种第二类的流脑疫苗，效果更好。",・ 刁连东，孙晓冬. 实用疫苗学[M]. 上海：上海科学技术出版社，2015.,流脑（流行性脑脊髓膜炎）是一类什么样的疾病？脑膜炎球菌（也叫脑膜炎奈瑟菌）感染引起的传染病叫做流行性脑脊髓膜炎（简称流脑）。一旦发生，进展迅速，其主要临床表现为突发高热、剧烈头痛、频发呕吐，皮肤黏膜瘀点瘀斑、脑膜刺激征，严重的病人会相继出现败血症休克和脑实质损害，常可危及生命。有些病人虽然没有性命之忧，但可能会遗留中耳炎、化脓性关节炎、心内膜炎、心包炎、肺炎、脑积水等，也可造成瘫痪、精神障碍、癫痫等后遗症。流脑在人群中传播快，如果没有疫苗保护，可能会造成大范围的流行，我国历史上有多次全国范围的大流行，流行菌株以 A 群脑膜炎奈瑟菌为主。人群普遍易感，2 岁以下的儿童更易被脑膜炎球菌感染。脑膜炎球菌分为几类？根据细菌的荚膜多糖抗原不同，脑膜炎球菌可以分为 13 类，其中 A 群、B 群、C 群、X 群、W135 群、Y 群这 6 类是引起流脑的主要类型。流脑疫苗是什么？有什么用？流脑疫苗是「脑膜炎球菌疫苗」的简称，是一种保护身体不受脑膜炎球菌感染的疫苗。各种流脑疫苗均为灭活疫苗。流脑疫苗分为哪几类?根据制作方式不同，可以分为多糖疫苗和多糖结合疫苗（简称结合疫苗）。多糖疫苗是将脑膜炎球菌的荚膜多糖提纯制成的疫苗，仅刺激体液免疫，不能形成免疫记忆，对 2 岁以下儿童效果较差。结合疫苗是将脑膜炎球菌的荚膜多糖和破伤风类毒素共价结合制成的疫苗，免疫效果更好，可以形成免疫记忆，效果更持久。根据含有的抗原种类（「价」）不同，可以分为二价疫苗、三价疫苗、四价疫苗等。价数越高，可以防护的脑膜炎球菌类型就越多。流脑疫苗常见的有几种？A 群多糖疫苗：全称是 A 群脑膜炎球菌多糖疫苗（MPSV-A），国内可免费接种。AC 多糖疫苗：全称是 A 群 C 群脑膜炎球菌多糖疫苗（MPSV-AC），二价疫苗，国内可免费接种。AC 结合疫苗：全称是 A 群 C 群脑膜炎球菌多糖结合疫苗（MCV-AC），二价疫苗，国内可自费接种。四价多糖疫苗：全称是 ACYW135 群脑膜炎球菌多糖疫苗（MPSV4），国内可自费接种。四价结合疫苗：全称是 ACYW135 群脑膜炎球菌多糖结合疫苗（MCV4），目前大陆地区暂时没有，可去香港自费接种。B 群疫苗：国内暂无接种途径。AC 流脑 - Hib 疫苗：全称是 AC 群脑膜炎球菌（结合）B 型流感嗜血杆菌（结合）联合疫苗，国内可自费接种。流脑疫苗需要给哪些人接种？所有儿童均应接种流脑疫苗，以获得对脑膜炎球菌的抵抗力，避免严重威胁生命的感染。计划前往流行性脑脊髓膜炎疫区的成年人，也可以接种此类疫苗。流脑疫苗需要给得过脑膜炎的孩子接种吗吗？已经得过脑膜炎的孩子，仍然需要接种流脑疫苗。脑膜炎可能由很多不同的细菌引起，包括金黄色葡萄糖球菌、大肠埃希菌、肺炎链球菌等等，由脑膜炎球菌引起的流脑，只是脑膜炎中的一种。所以等脑膜炎治愈后，仍然需要按计划接种流脑疫苗。流脑疫苗是几类疫苗？在我国，流脑疫苗有免费的第一类疫苗，也有自费的第二类疫苗。如果有条件，尽量接种第二类的流脑疫苗，比第一类疫苗效果好。流脑疫苗接种后，就可以完全避免得流脑吗？不可以。由于脑膜炎球菌有不同类型，接种疫苗只能获得对相对应类型脑膜炎球菌的抵抗力，所以尽量接种多价的流脑疫苗比较好。美国数据四价流脑结合疫苗的保护效力为 80～85%。我国近年来脑膜炎菌株的变化趋势是，A 群感染率逐渐下降，B 群、C 群及 W135 群占比呈上升趋势。可见，仅接种 A 群多糖疫苗、AC 多糖疫苗，保护效果较低。而国内目前暂无可接种的 B 群疫苗，所以有相当一部分由 B 群脑膜炎球菌引起的流脑也是无法预防的。好在目前我国流脑疫情不算严重，家长也不必过于焦虑。,流脑疫苗对于哪些人不能接种或需谨慎？A 群流脑多糖疫苗：对疫苗中的成分过敏者、活动性结核患者，不能接种。此外，国内疫苗说明书还规定癫痫、肾脏病、心脏病患者不能接种。发热及因为其他疾病需要接受静脉治疗的病人，待病情稳定后再接种。AC 群流脑多糖疫苗：不能用于 2 周岁以下的儿童。其他不能接种的情况和 A 群流脑多糖疫苗类似。AC 群流脑多糖结合疫苗、ACYW135 群流脑多糖疫苗：国内疫苗说明书规定，有癫痫、肾脏病、心脏病、活动性结核、对疫苗成分过敏史、发热、急性感染的人，不能接种。流脑疫苗可以给妊娠期和哺乳期女性接种吗？妊娠期和哺乳期女性如果需要前往流行性脑脊髓膜炎疫区，可以接种流脑疫苗。因为多糖疫苗没有相应的研究数据，而国外有孕妇接种结合疫苗的数据并且表明对婴儿和孕妇均无有害影响，所以推荐妊娠期和哺乳期女性接种结合疫苗。如果能明确疫区流行的病原体类型，接种相应的疫苗最好。流脑疫苗接种不受哪些情况影响？卵圆孔未闭、房间隔缺损等先天性心脏病患者，已经治愈或者缓解的肾病患者，经医生综合评估后认为安全。既往有新生儿脑损伤、新生儿窒息病史，治愈出院。早产儿。曾有过暂时性白细胞数目异常。皮疹、湿疹。有免疫缺陷的孩子。流脑疫苗可以和其他疫苗一起接种吗？流脑疫苗是灭活疫苗，可以和其他疫苗一起接种。选择不同的接种部位即可。,流脑疫苗怎么接种？流脑疫苗均为针剂，A 群流脑多糖疫苗、AC 群流脑多糖疫苗、ACYW135 群流脑多糖疫苗在上臂三角肌下缘进行皮下注射；AC 群流脑多糖结合疫苗、AC 流脑 - Hib 疫苗在上臂三角肌进行肌肉内注射。接种后应在医疗机构留观 30 分钟。如果选择免费流脑疫苗，具体接种程序如下：A 群流脑多糖疫苗：6～18 月龄接种。共两针，两针之间间隔需 ≥ 3 个月。一般是 6 月龄、9 月龄各接种一次。AC 群流脑多糖疫苗：2 岁以上接种。共两针，第一针需与 A 群多糖疫苗的第二针间隔 12 个月以上，第二针需与第一针间隔 3 年。一般是 3 岁、6 岁各接种一次。也可以选择自费流脑疫苗，接种方法如下：AC 群流脑多糖结合疫苗：不同厂家生产的疫苗，接种程序相差很大，具体需要参考说明书。以某厂家的 AC 群流脑多糖结合疫苗为例，一般于 3 月龄、4 月龄、5 月龄接种一次，共三次。ACYW135 群流脑多糖疫苗：最早从 2 岁开始接种。需接种两针，第一针为基础免疫，第二针为加强免疫，两针间隔 3 年。一般是 3 岁、6 岁各接种一次。ACYW135 群流脑多糖结合疫苗：不同厂家生产的疫苗，接种程序不同，具体需要参考说明书。目前香港的 ACYW135 群流脑多糖结合疫苗有巴斯德公司的 Menactra 和辉瑞公司的 Nimenrix。Menactra 是 9 月龄、12 月龄各接种一次，如超过 24 月龄，仅接种 1 剂次；Nimenrix 是 2、4、12 月龄各接种一针次，或 3、5、12 月龄各接种一针次，超过 3 月龄未开始接种者，满 12 月龄以后接种一次即可。流脑疫苗接种时如何用第二类替代第一类疫苗？由于第一类流脑疫苗免疫效果欠佳，防范的病原体种类少，推荐选用特定的第二类流脑疫苗替代第一类疫苗。以下替代方案可供参考：AC 群流脑多糖结合疫苗替代 A 群流脑多糖疫苗：AC 群流脑多糖结合疫苗多覆盖一个菌群，可以更好的保护孩子，而且结合疫苗副作用更小，可以从 3 月龄接种，更早的获得免疫保护。ACYW135 群流脑多糖疫苗替代 AC 群流脑多糖疫苗：可以用 ACYW135 群流脑多糖疫苗替代 AC 群流脑多糖疫苗。ACYW135 群流脑多糖疫苗可以覆盖更多菌群，更好地保护孩子。仅接种 ACYW135 群流脑多糖结合疫苗：如果前往香港接种 ACYW135 群流脑多糖结合疫苗，就可以不用接种 A 群流脑多糖疫苗、AC 群流脑多糖疫苗、AC 群流脑结合疫苗和 ACYW135 群流脑多糖疫苗了。流脑疫苗错过了接种时间怎么办？第一类疫苗错过接种时间，可以补种第一类疫苗：＜ 24 月龄的孩子，应接种两次 A 群多糖疫苗，间隔 ≥ 3 个月。之后再按时接种两次 AC 多糖疫苗。≥ 24 月龄的孩子，不需要补种 A 群多糖疫苗，但需要接种两次 AC 多糖疫苗。第一类疫苗错过接种时间，也可以考虑补种第二类疫苗。流脑疫苗接种时，已经接种过第一类，中途可以换用第二类疫苗吗？可以。但是关于如何转换，国家没有明确的指导意见，需要家长和保健站的医生对于流脑疫苗有相当程度的认识才能顺利转换。,流脑疫苗接种后可能出现哪些不良反应？主要是局部皮肤的硬结和红肿，一般是在接种后 24 小时内出现，无需特殊处理，可以自行消退。其次可能出现哭闹增加、发热、头痛、头晕等，一般可以在 24 小时内自行好转。出现低热时可以增加奶量或饮水量，保证液体摄入。此外，极少数人在接种疫苗后可能出现过敏性休克（发生率 ＜ 1/500 万），少部分接种 ACYW135 群流脑多糖结合疫苗的儿童还可能出现晕厥。所以，接种疫苗后应在接种点留观 30 分钟。,流脑疫苗应该如何存储？按说明书贮存。
11003,https://dxy.com/drug/11003/detail,轮状病毒疫苗,二类疫苗,"・ 可预防秋季腹泻,适合 2 月 ～ 3 岁婴幼儿。
・ 推荐进口疫苗，保护效率在 90% 以上。
・ 国产疫苗要与其他活疫苗隔 1 个月以上。",・ David O Matson. 婴儿轮状病毒疫苗. UpToDate 临床顾问. https://www.uptodate.com/contents/zh-Hans/rotavirus-vaccines-for-infants (Assessed on 2019-11-21).,轮状病毒疫苗是什么？有什么用？轮状病毒疫苗是针对轮状病毒的活疫苗，接种后可以减少孩子的轮状病毒感染，从而避免轮状病毒肠炎（俗称秋季腹泻）。90% 的轮状病毒腹泻由 A 群轮状病毒引起。轮状病毒对于儿童来说感染率是非常高的，80% 的 1 岁以下的儿童都感染过轮状病毒，感染轮状病毒后主要的症状是腹泻，腹泻持续时间在 1 周左右。大多数儿童感染后可完全恢复，但亦可发生轮状病毒胃肠炎而导致死亡，主要发生在年龄 ≤ 1 岁的婴儿。轮状病毒疫苗推荐哪些人接种？2 个月 ～ 3 岁的婴幼儿适合接种轮状病毒疫苗。轮状病毒疫苗是几类疫苗？世界卫生组织的建议是将轮状病毒疫苗纳入免费疫苗行列，我国目前为第二类疫苗，需要家长自愿、自费给孩子接种。轮状病毒疫苗有几类？目前可以接种到的轮状病毒疫苗是国产疫苗，针对的是 A 群轮状病毒。由兰州生物制品研究所生产，商品名是罗特威。进口疫苗――口服五价基因重配轮状病毒减毒活疫苗，2018 年已经经过审批，近期应该可以供货，商品名是乐儿德（RotaTeq）。进口轮状病毒疫苗针对的是 A 群轮状病毒的五个病毒型，所以叫做五价疫苗。针对的病毒型越多，防范的效果越好，所以推荐接种进口轮状病毒疫苗。轮状病毒疫苗接种了，就可以完全避免秋季腹泻吗？不能，接种国产轮状病毒疫苗后，保护效率在 70% 左右；接种进口轮状病毒疫苗后，保护效率在 90% 以上。,轮状病毒疫苗哪些人不能接种或需谨慎接种？对该疫苗的任何组分严重过敏的，不能接种。因为轮状病毒疫苗是活疫苗，有免疫缺陷的孩子是不能接种的。通常不推荐有肠套叠病史的婴儿、或有肠套叠倾向的肠道畸形婴儿接种。如果患有急性胃肠炎，或者发热并伴有中至重度疾病，应推迟疫苗接种。在其他疾病的治疗期，仍在接受静脉滴注治疗时，暂缓接种。妊娠期和哺乳期女性可以接种轮状病毒疫苗吗？轮状病毒对于成年人引起的症状很轻微，成年人不需要特地接种轮状病毒疫苗。轮状病毒疫苗哪些情况可以照常接种？轻度的先天性心脏病，比如卵圆孔未闭、动脉导管未闭、房间隔缺损、室间隔缺损。曾患新生儿窒息、新生儿脑病等疾病，目前无需住院治疗者。暂时性的湿疹、皮疹、痱子。对食物轻度过敏，比如对牛奶、鸡蛋、鱼虾过敏。早产儿。服用维生素类药物。单纯大便次数增多，而大便性质正常的儿童。轮状病毒疫苗可以和其他疫苗一起接种吗？虽然 WHO 建议轮状病毒疫苗可与儿童免疫程序中的其他疫苗同时接种，但国产轮状病毒疫苗的说明书仍规定要与其他活疫苗间隔 1 个月以上接种，接种时医生可能还是会以说明书为准。,国产轮状病毒疫苗需要接种几次？每次间隔多长时间？2 月龄以后可以接种第一次，之后每年接种一次，最多接种四次，满 4 岁后可以不用接种。推荐在轮状病毒流行季节（每年的秋冬季）之前接种。进口轮状病毒疫苗需要接种几次？每次间隔多长时间？标准程序为 2、4、6 月龄各接种一剂次，共三剂。首剂次最早可于 6 周龄接种，各剂次之间间隔 4～10 周，最晚在 8 月龄前完成三剂次。即首剂次须在 6～12 周龄、第二剂次须在 10～22 周龄、第三剂次须在 14～32 周龄之间完成。轮状病毒疫苗如何接种？接种方法为口服。疫苗为液体，有甜味，使用滴管直接滴入孩子口中。接种后须在接种门诊留观 30 分钟。国产轮状病毒疫苗错过了接种时间怎么办？国产轮状病毒疫苗的接种时间很宽松，如果没有在 2 月龄口服，随时可以补种，47 月龄前每年服用一次。超过 4 周岁无需再接种。已接种轮状病毒疫苗，能中途换用其他种类疫苗吗？两种轮状病毒疫苗没有相互替换接种的数据，不建议更换品种接种。,接种轮状病毒疫苗可能出现哪些不良反应？常见的不良反应有：轻度的呕吐、腹泻、发热。极罕见的不良反应有：过敏性皮疹、过敏性休克、过敏性紫癜。另外，接种进口轮状病毒疫苗后，有极低的发生肠套叠的风险，发生率估计为 1/100 000～1/20 000。如果有肠套叠病史，不建议接种轮状病毒疫苗；如果没有肠套叠病史，接种轮状病毒疫苗后发生肠套叠的风险远远低于未接种疫苗发生重度轮状病毒胃肠炎的风险。轮状病毒疫苗接种后出现不良反应如何应对？轻度的呕吐和腹泻，在接种疫苗后 2～3 天可自行消失。如果出现呕吐，可以更换食物为含水量多的、柔软好消化的食物，少量多次进餐。如果腹泻明显，应注意预防脱水和电解质紊乱，建议喝口服补液盐 Ⅲ，多喂奶或喂水。如果孩子的精神状态不好、口唇干燥、眼窝凹陷、四肢乏力、四肢肢端发凉，说明可能存在脱水，需要及时寻求医生的帮助。发热一般出现在接种疫苗 24 小时内，可以增加孩子的奶量，或者喂温水，保证孩子的液体摄入。不要捂汗，保持室内温度舒适，利于物理降温。疫苗引起的发热大部分在 24 小时内自行消退。如果接种后出现过敏性皮疹等罕见不良反应，应寻求医生的帮助，轻度的皮疹经过外涂药物可以缓解，或可口服抗过敏药物，情况复杂的需要医生指导下用药。如果接种后出现了可疑肠套叠的症状，包括腹痛、呕吐、拉肚子、大便带血或排便习惯改变，应及时就诊。,如果不接种轮状病毒疫苗，应该怎么预防、治疗秋季腹泻？因为轮状病毒可以通过粪口、空气等途径传播，在流行季节感染儿童较多，所以要注意防范。如果没有接种疫苗，秋冬季节应该多洗手，避免去人多密集的地方，避免和生病的孩子密切接触。如果感染了轮状病毒，没有特效的药物治疗，主要是对症治疗，避免脱水和电解质紊乱，推荐口服补液盐 Ⅲ，其他如益生菌、肠粘膜保护剂、锌剂等治疗对病情恢复有益。整个疾病时间持续约 1 周左右，恢复期孩子的胃肠吸收功能也会受到一定影响。所以，能接种疫苗的情况下，推荐家长给孩子接种疫苗，特别是进口轮状病毒疫苗。
10941,https://dxy.com/drug/10941/detail,EV71 型手足口病疫苗,二类疫苗,"・ 推荐 6 月～5 岁儿童接种 EV71 疫苗。
・ 接种后可降低得手足口病重症和死亡风险。
・ 接种后至少 2 年内都具有有效的保护效果。",・ 刁连东，孙晓冬. 实用疫苗学[M]. 上海：上海科学技术出版社，2015.,"EV71 型手足口病疫苗是什么？有什么用？手足口病是由多种肠道病毒（Enterovirus, EV）感染引起的疾病，多见于 5 岁以下儿童，好发于每年 4～7 月份。引起手足口病的肠道病毒包括肠道病毒 71 型（EV71）、柯萨奇病毒 Ａ 组 16 型（CVA16）和埃可病毒的某些血清型。其中 EV71 是导致重症手足口病例的主要病因。EV71 型手足口病疫苗是「肠道病毒 71 型灭活疫苗」的通俗叫法，也可以简写为 EV71 疫苗，就是用来保护儿童避免感染 EV71 的一种疫苗。EV71 型手足口病疫苗是灭活疫苗，里面含有的是灭活的 EV71。疫苗进入身体后，刺激身体的免疫系统产生特异性的针对 EV71 的抗体，从而保护人体不受 EV71 的感染。EV71 型手足口病疫苗推荐哪些人接种？手足口病多发于 5 岁以下的儿童，所以推荐所有 6 月龄 ～ 5 周岁的儿童接种。EV71 型手足口病疫苗的起始接种时间需 ≥ 6 月龄。越早接种越好，鼓励在 12 月龄前完成接种程序，以便尽早发挥保护作用。5 岁以上儿童不再推荐接种手足口病疫苗。手足口病疫苗有哪几种可供选择？目前手足口病疫苗只有国产的，针对肠道病毒 71 型的，即 EV71 型手足口病疫苗。虽不能预防所有手足口病，但可减少重症和死亡的发生。某种程度上说，手足口病疫苗目前没的选择，只有 EV71 疫苗一种。但可以选择不同公司生产的疫苗，目前有北京科兴生物制品有限公司、中国医学科学院医学生物学研究所、武汉生物制品研究所有限责任公司可供选择。数据显示这些疫苗均具有良好的安全性和保护效果，预防 EV71 引起的手足口病保护率均达 90% 以上。EV71 型手足口病疫苗是几类疫苗？是免费的吗？EV71 型手足口病疫苗是国家二类疫苗。可在知情、自愿、自费前提下接种，费用约 220 元/支，全程接种 2 支。EV71 型手足口病疫苗接种后就可以完全避免得手足口病吗？不能。手足口病可由多种肠道病毒感染引起，包括 EV71、CVA16 等。EV71 型手足口病疫苗仅对 EV71 导致的手足口病有预防作用，保护效力在 90% 以上；对 CVA16 和其他肠道病毒感染导致的手足口病无保护效力。所以说，即使接种了 EV71 型手足口病疫苗，也不能完全避免得手足口病。但仍然推荐接种，因为手足口病重症病例手足口病死亡病例主要是由 EV71 感染所致，接种 EV71 型手足口病疫苗可大大减少重症和死亡的风险。EV71 型手足口病疫苗接种后，免疫保护的持久性如何？EV71 型手足口病疫苗完成基础免疫的两针接种后，2 年的观察结果显示，中和抗体水平和临床保护效力仍然维持在较高水平。也就是说，接种后至少 2 年内都具有有效的保护效果。是否需要加强免疫，暂未确定。对 EV71 疫苗免疫持久性的准确评估，尚需通过科学设计和严格质量控制的研究进行观察和评价，以便为是否需要制定加强免疫程序提供依据。EV71 型手足口病疫苗对于已经感染过手足口病的患儿还需要接种吗？不一定。手足口病可由多种肠道病毒感染引起。如果既往感染的手足口病明确是由 EV71 引起的，就无需再接种 EV71 型手足口病疫苗；如果所患手足口病是由其他肠道病毒引起的，或者无法判断是哪种肠道病毒引起的，则仍建议接种 EV71 型手足口病疫苗。",EV71 型手足口病疫苗哪些人不能接种？对疫苗中的任何一种成分严重过敏的孩子，不能接种。EV71 型手足口病疫苗哪些人需谨慎接种？患有血小板减少症或者出血性疾病者，肌肉注射疫苗可能会引起注射部位出血，所以需谨慎接种。未控制的癫痫患者和其他进行性神经系统疾病（如格林巴利综合征等）患者，需权衡利弊后谨慎接种。EV71 型手足口病疫苗哪些人需推迟接种？正处于发热期的孩子、患急性疾病或慢性疾病急性发作的孩子，应暂缓接种，可待身体康复后再接种。正在接受免疫抑制治疗或免疫功能暂时缺陷的患者，接种 EV71 型手足口病疫苗产生的免疫应答可能会减弱，起不到预防疾病的效果，所以应暂缓接种，可待免疫抑制治疗结束后或免疫功能恢复后再接种。但对慢性免疫功能缺陷的患者，即使基础疾病可能会使免疫应答受限，也推荐接种。EV71 型手足口病疫苗可以和其他疫苗一起接种吗？理论上 EV71 灭活疫苗可以与其他疫苗同时接种，也可以任意间隔时间接种。,EV71 型手足口病疫苗如何接种？EV71 型手足口病疫苗可用于 6 月龄 ～ 5 岁儿童，需接种 2 剂次，中间间隔至少 1 个月，最好在 12 月龄前完成接种。于上臂外侧肌内注射，每次接种剂量为 0.5 mL。,EV71 型手足口病疫苗接种后可能会发生哪些不良反应？EV71 型手足口病疫苗具有良好的安全性。接种后的局部反应主要表现为：接种部位发红、硬结、疼痛、肿胀、瘙痒等，以轻度为主，持续时间不超过 3 天，可自行缓解。接种后的全身反应主要表现为：发热、腹泻、食欲不振、恶心、呕吐、哭闹增加等，一般均可自行缓解，不必过于担心。,EV71 型手足口病疫苗如何贮存？按说明书贮存。不同企业的 EV71 疫苗能序贯接种吗?现阶段建议使用同一企业疫苗完成两剂次接种，暂不建议使用不同企业疫苗完成接种程序。孩子接触过被 EV71 感染的生病儿童，立即接种 EV71 型手足口病疫苗还来得及吗？目前尚无相关数据证明这样做是否有预防效果。如果孩子接触过被 EV71 感染的生病儿童，可以立即接种 EV71 型手足口病疫苗，但仍有发病风险。
11018,https://dxy.com/drug/11018/detail,水痘疫苗,二类疫苗,"・ 接种一剂保护率约 83%，两剂 95% 以上。
・ 自费疫苗，1 岁以上的儿童推荐接种。
・ 错过接种时间补齐两剂次，间隔时间≥3 个月。","・ 刁连东，孙晓冬. 实用疫苗学[M]. 上海：上海科学技术出版社，2015.
・ Gary s. Marshall 著. 周祖木 译. 疫苗手册：临床医生实用指南[M]. 第 4 版. 北京：北京大学医学出版社，2014. 
・ 高睿迪,王伟.水痘-带状疱疹疫苗的应用及研究进展[J].临床皮肤科杂志,2021,50(01):62-64.
・ https://www.who.int/immunization/position_papers/Varicella_Herpes_zoster_Vaccine_PP_ZH_2014.pdf
",水痘疫苗是什么？有什么用？水痘疫苗是用来防止「水痘-带状疱疹病毒」感染的疫苗。接种后可以产生特异性的抗体，避免孩子得水痘。水痘疫苗为减毒活疫苗。水痘虽然是可以自愈的，但得水痘的过程中孩子往往出现发热、皮肤广泛的水疱瘙痒，非常难受；而且体弱的孩子可能会并发严重的全身疾病，包括肺炎、肝炎、脑炎以及皮肤继发性感染等。所以推荐有条件的家长尽量给孩子接种。水痘和带状疱疹是由同一种病毒引起的么？是的。两者是由同一种病毒引起的，这种病毒叫水痘-带状疱疹病毒。它既可以引发水痘，又可以引发带状疱疹。该病毒首次感染会表现为水痘，第二次发作才会表现为带状疱疹。水痘疫苗推荐接种的人群有哪些？1 岁以上的儿童推荐接种水痘疫苗。因为水痘病毒在人群中传染性较高，儿童非常容易被感染。成年人如果有感染水痘的风险，也可以考虑接种。有感染水痘风险的成年人，是指从未感染过水痘且未接种过水痘疫苗者，包括但不限于如下情况者：与水痘患者可能密切接触的人群，如医护人员、看护人员、幼儿园老师。育龄期女性（但怀孕者不能接种）。计划国际旅行者。此外，免疫功能低下人群的家人等亲密接触者也推荐接种水痘疫苗，因为家人不得水痘，对免疫功能低下人群也是很好的保护。水痘疫苗是几类疫苗？水痘疫苗是非免疫规划疫苗，不在国家免疫规划疫苗范围内。水痘疫苗是自费还是免费的？水痘疫苗是自费、自愿接种的。水痘疫苗有哪几种可供选择？中国内地目前能获得的水痘疫苗是国产水痘减毒活疫苗，生产厂家有上海生物、上海荣盛、长春百克、长春祈健等，生产工艺基本相同。目前中国内地没有进口水痘疫苗。此外，中国香港、澳门地区还有四痘疫苗（麻腮风水痘联合疫苗），其中含有水痘疫苗的成分。水痘疫苗接种后，有多大概率可以避免得水痘？接种一剂次水痘疫苗的免疫保护率约为 83%，接种两剂次水痘疫苗的免疫保护率可达 95% 以上。目前，我国部分省份（如广东、上海等）已专门下发水痘疫苗接种方案的文件，建议接种两剂次水痘疫苗。,水痘疫苗哪些人不能接种？对水痘疫苗的任一成分曾经有严重过敏者。妊娠期女性。患严重慢性疾病者。免疫缺陷、免疫功能低下或正在使用免疫抑制剂治疗的患者。水痘疫苗在哪些情况下需要暂缓或谨慎接种？患急性疾病、严重慢性疾病者，慢性疾病处于急性发作期的患者，有发热者，应暂缓接种，如上呼吸道感染、中耳炎、胃肠炎等，待疾病康复后再接种。使用丙种球蛋白治疗或接受过血制品后应暂缓接种，视具体情况间隔至少 3个月再接种水痘疫苗，以免影响疫苗效果。水痘疫苗对于妊娠期和哺乳期女性安全吗？妊娠期女性不能接种水痘疫苗，接种水痘疫苗后 3 个月内应避免妊娠，以避免对胎儿产生影响。哺乳期接种水痘疫苗的临床数据较少，除非处于感染水痘的高风险状态，通常哺乳期女性应避免接种水痘疫苗。水痘疫苗在哪些情况下可以正常接种？轻度的先天性心脏病，比如卵圆孔未闭、动脉导管未闭、房间隔缺损。暂时性的湿疹、皮疹、痱子。对食物轻度过敏，比如对牛奶、鸡蛋、鱼虾过敏。正在服用维生素类药物。水痘疫苗有替代品吗？香港或其它部分境外地区有四痘（麻腮风水痘联合疫苗）疫苗，包含麻腮风疫苗和水痘疫苗成分，可以替代大陆的水痘疫苗接种。水痘疫苗可以和其他疫苗一起接种吗？可以。水痘疫苗是减毒活疫苗，可以和其他疫苗同时接种。和其他注射类减毒活疫苗如未同时接种，则需要间隔 1 个月接种。水痘疫苗是否会受到免疫球蛋白的影响？会。免疫球蛋白可能会干扰身体对水痘疫苗产生免疫应答，使疫苗起不到应有的效果。所以，在接种水痘疫苗后的 14 天内输全血（含免疫球蛋白成分）或使用免疫球蛋白者，应根据免疫球蛋白的使用量不同，在 3～11 个月后考虑重新接种水痘疫苗。,水痘疫苗需要接种几次？每次间隔多长时间？标准接种程序是：共接种两剂次。12～24 月龄接种第一剂，4～6 周岁接种第二剂。未按标准程序完成两剂次接种者，补齐两剂次即可，两剂接种时间间隔 ≥ 3 个月。如果孩子只接种完第一剂疫苗，发生了水痘疫情，且孩子有感染水痘的高风险，则应尽快接种第二剂水痘疫苗，但也应与第一剂次间隔开 3 个月以上。水痘疫苗如何接种？接种部位为上臂三角肌下缘附着处，皮下注射。接种后，在接种门诊留观 30 分钟，无异常再离开。水痘疫苗接种，适用于得过水痘的人吗？曾经自然感染过水痘者，一般可产生较为持久的免疫力，不需要再接种水痘疫苗。,水痘疫苗的接种可能出现哪些不良反应？局部不良反应可能有：接种处皮肤的红肿、硬结、疼痛，一般是在接种后 24 小时内，可以自行消退。全身不良反应可能有：在接种后可出现一过性低热，一般持续 1～2 天，可以自行消退。播散性疫苗病毒感染：极少见情况下，可出现由疫苗病毒引起的播散性水痘或脑膜炎。其中水痘样皮疹相对常见，一般在接种疫苗后的 12～24 日出现。疫苗病毒的传播：偶有个例报道，疫苗病毒可以从健康个体传播至易感接触者的情况，但非常少见。而接种水痘疫苗者 6 周内应尽量避免密切接触易感水痘的严重疾病高危人群，如免疫功能受损者、孕妇、易感产妇的新生儿。疫苗相关带状疱疹的风险：临床报道有疫苗相关带状疱疹，在接种后数月出现。,按说明书贮存。
10926,https://dxy.com/drug/10926/detail,流感疫苗,二类疫苗,"・ 效果在接种 6～8 个月后会逐渐衰减。
・ 可以和其他疫苗在不同部位接种。
・ 推荐 6 月龄以上儿童和成人接种。","・ 中国疾病预防控制中心, 国家免疫规划技术工作组流感疫苗工作组. 中国流感疫苗预防接种技术指南 (2020-2021).
・ Denise J Jamieson, Sonja A Rasmussen. 流行性感冒与妊娠. UpToDate 临床顾问. https://www.uptodate.com/contents/zh-Hans/seasonal-influenza-and-pregnancy. (Assessed on 2019-06-03).
・ Patricia L Hibberd. 成人季节性流行性感冒疫苗接种. UpToDate 临床顾问. https://www.uptodate.com/contents/zh-Hans/seasonal-influenza-vaccination-in-adults. (Assessed on 2019-09-19).",流感疫苗是什么？流感疫苗是用来预防流感的一种生物制品，接种后可以刺激身体产生抗流感病毒的免疫力，减少感染流感病毒的机会，降低患上流感的风险。建议 6 个月以上的儿童和成人接种（不同厂家的流感疫苗，适用年龄有所不同）。鼻喷流感疫苗是什么？鼻喷流感疫苗，顾名思义，就是通过鼻喷给药的方式，让疫苗通过鼻黏膜吸收进入体内，从而产生黏膜免疫、体液免疫和细胞免疫，达到消灭病毒、预防流感的目的。中国疾控中心在《中国流感疫苗预防接种技术指南 2020-2021 》中，将鼻喷流感疫苗作为今年的常规推荐疫苗，和灭活疫苗没有优先推荐。鼻喷流感疫苗是国产的还是进口的？目前我国内地上市使用的鼻喷流感疫苗是国产品牌。不过，疫苗生产所使用的毒株是世界卫生组织推荐并提供的，并已纳入全球流感行动计划。鼻喷流感疫苗和注射流感疫苗有什么区别？接种方式不同。鼻喷流感疫苗使用的是「黏膜接种」技术。疫苗盒子里有鼻喷的装置，接种时，需要在两个鼻孔内各喷一下，每个鼻孔喷射 0.1 mL，即完成了此次接种。注意，鼻喷接种之后，需要让孩子头部向后仰，坐至少 1 分钟再起身。而且不论是哪种接种方式，都需要在接种完毕后，让孩子留观 30 分钟才可以离开。疫苗作用原理不同。注射流感灭活疫苗（三价和四价）：把活的流感病毒杀死、分解、纯化，保留有效成分制成疫苗；通过注射进体内，引发免疫反应，产生保护性的抗体。鼻喷流感减毒活疫苗（三价）：把活的流感病毒进行毒力减弱处理，让其「奄奄一息」――无法致病但依然可以刺激人体产生抗体。同时，结合「冷适应」处理，让半死不活的病毒无法在 33 °C 以上（比如人的肺部）的环境中复制，但可以在温度相对较低的鼻咽部引起免疫反应，既可以产生细胞免疫，也可以产生体液免疫，从而形成保护。简单来说，灭活疫苗就是把死掉的「敌军」拉过来认认脸，减毒疫苗是把缴械的「敌军」拉过来进行一场小范围的实战演习的区别。适用接种人群不同。根据疫苗说明书，鼻喷流感疫苗目前在我国内地只适用于3～17 岁的人群。而传统的注射流感疫苗，只要 ≥ 6 月龄，并且没有相关禁忌证的人群均可接种。禁忌证和不良反应有差别。鼻喷流感疫苗禁忌证稍多于普通注射流感疫苗，根据疫苗说明书，下列人群不可接种鼻喷流感疫苗：对该疫苗任何成分（如鸡蛋、辅料、硫酸庆大霉素）过敏者；患有急性疾病、严重慢性病、慢性病的急性发作期和发热者；妊娠期女性；使用阿司匹林或含阿司匹林药品治疗的 Leigh 综合征患者；免疫功能缺陷、低下或正在接受免疫抑制治疗者；患未控制的癫痫和其他进行性的神经系统疾病者，有格林-巴利综合征病史者；处于鼻炎发作期。流感疫苗接种的人群有哪些？老年人、儿童、孕妇、< 6 月龄婴儿的家庭成员和看护人员、慢性病患者、医务人员等，特别需要接种流感疫苗。孕妇：孕妇在妊娠任何阶段均可以并应该接种流感疫苗。孕妇罹患严重流感的风险高，流感疫苗在整个孕期接种均是安全的，可有效预防孕妇罹患流感。此外，6 月龄以下婴儿患流感的疾病负担也非常高，但现有疫苗不可以直接给 6 月龄以下婴儿接种，给孕妇接种流感疫苗，产生的抗体可通过胎盘传给胎儿，新生儿出生后，抗体可以继续保护其免受流感病毒感染。< 6 月龄婴儿的家庭成员和看护人员：由于现有流感疫苗不可以直接给 6 月龄以下婴儿接种，该人群可通过母亲孕期接种和家庭成员、看护人员接种流感疫苗来间接预防婴儿流感。6～23 月龄婴幼儿：因为这个年龄段的婴幼儿患严重流感的风险也很高，所以也非常需要接种流感疫苗。流感疫苗对该年龄组的保护效果，取决于所接种的疫苗株与当年流行的毒株是否匹配，如匹配度高则保护作用相对较强。2～5 岁儿童：儿童感染流感病毒后容易发生严重并发症，因此非常需要接种流感疫苗。因为 2～5 岁儿童的免疫系统已发育得较为成熟，接种疫苗后，刺激机体产生的免疫反应较强，所以其保护效果通常优于 < 2 岁的婴幼儿。≥ 60 岁老年人：老年人患流感后死亡风险最高，所以非常需要预防流感。虽然研究数据表明，疫苗对老年人的保护效果可能不如成年人，但是接种疫苗仍是目前保护老年人免于罹患流感的最有效手段。特定慢性病患者：心血管疾病（单纯高血压除外）、慢性呼吸系统疾病（如慢性阻塞性肺疾病）、肝肾功能不全、血液病、神经系统疾病、神经肌肉功能障碍、代谢性疾病（包括糖尿病）等慢性病患者及患免疫抑制疾病或免疫功能低下者，患重症流感的风险很高，也应积极接种流感疫苗。医务人员：医务人员是流感疫苗接种的重要优先人群，不仅可保护医务人员自身，维持流感流行季节医疗服务的正常运转，同时可有效减少医务人员将病毒传给流感高危人群的机会。流感疫苗有哪几种？目前，世界上的流感疫苗有减毒活疫苗、灭活疫苗和重组亚单位疫苗三大类。根据疫苗中所含抗原的数目，流感减毒活疫苗、流感灭活疫苗又可分为三价疫苗（IIV3）和四价疫苗（IIV4）：三价疫苗针对甲型 H1N1、甲型 H3N2 和乙型 Victoria 系流感病毒有防护效果；四价疫苗除针对上述三种亚型外，还对乙型 Yamagata 系流感病毒有防护效果。流感疫苗在我国已经上市的有哪几种？我国上市的流感疫苗有灭活的三价疫苗和四价疫苗，和减毒的三价疫苗，减毒的三价疫苗又称为鼻喷流感疫苗。流感灭活疫苗三价适合什么年龄接种？适用于 ≥ 6 月龄的人群接种，包括 0.25 mL 和 0.5 mL 两种剂型。0.25 mL 剂型适用于 6～35 月龄婴幼儿；0.5 mL 剂型适用于 ≥ 36 月龄的人群。流感灭活疫苗四价适合什么年龄接种？仅有 0.5 mL 成人剂型，适用于 ≥ 36 月龄的人群。流感减毒疫苗三价适合什么年龄接种？适用于 3～17 岁人群，每剂次 0.2 mL。中国指南意见中，对可接种不同类型、不同厂家疫苗产品的人群，可自愿接种任一种流感疫苗，无优先推荐。我们的意见是：如果条件允许，首选四价疫苗，因为四价流感疫苗可防护的流感病毒型别更多，理论上可以提供更好的预防流感的效果。如果条件不允许，则应尽快接种三价灭活疫苗，不要因为空等四价疫苗而错过流感疫苗的最佳接种时间。如果灭活疫苗均无，可以考虑接种减毒疫苗。流感疫苗全名中的「亚单位」「裂解」是什么意思？根据制作工艺不同，流感灭活疫苗有全病毒疫苗、裂解病毒疫苗和亚单位疫苗三种，后两者安全性更好。我国的流感灭活疫苗就只有亚单位疫苗和裂解疫苗两种。亚单位疫苗是通过化学方法提取流感病毒的蛋白质结构，筛选出有免疫活性的片段制成的疫苗，因为仅有几种主要蛋白，所以免疫效果一般。但因为它成分较单一，能减少疫苗的副反应和疫苗引起的相关疾病。与亚单位疫苗相比，裂解疫苗的免疫效果理论上更为理想。流感疫苗是几类疫苗，是免费的吗？除部分地区外，我国已上市的流感疫苗均为非免疫规划疫苗，适用人群可自费、自愿接种。流感疫苗能预防普通感冒吗？不能。流感疫苗仅能预防流感，不能预防普通感冒，二者的致病微生物是不同的。流感是由流感病毒引起的，感冒是由流感病毒以外的病毒引起的，最常见的是鼻病毒。接种流感疫苗后也不是立即就能防住流感，要等疫苗完全起效后（接种后约 2～4 周）才能发挥良好的预防效果。流感疫苗完全起效后，也不能 100% 保证不会患上流感。疫苗仅能降低患上流感的风险，或减轻患流感后的症状。所以，即使接种过流感疫苗，也要做好个人防护（详见文章最后）；周围接种流感疫苗的人越多，大家也就越安全。,流感疫苗是灭活的，哪些人不能接种或需谨慎接种？不能接种：对疫苗中任一成分过敏者、不宜接种流感疫苗。推迟接种：患伴或不伴发热症状的中重度急性疾病者，建议症状消退后再接种。谨慎接种：上次接种流感疫苗后 6 周内出现格林巴利综合征者，并非不能再次接种流感疫苗，但再次接种时应特别注意。总之，在接种疫苗前，要详细告知医生自己的疾病史、过敏史，经医生判断没问题后再接种。流感疫苗是流感减毒活疫苗时，哪些人不能接种？哪些人需谨慎接种？以下情况为接种 LAIV 的禁忌证：对疫苗的任何成分严重过敏，或以前对任何剂量的流感疫苗都发生严重过敏反应者；接种前 48 小时服用过奥司他韦或扎那米韦，或接种前 5 天内使用过帕拉米韦，或接种前 17 天内使用过巴洛沙韦者；2～4 岁患有哮喘的儿童，或过去12 个月内有过喘息情况的儿童；因使用药物、 HIV 感染等原因造成免疫功能低下者；需要与严重免疫功能低下者进行密切接触的人群；孕妇：孕妇不能接种流感减毒活疫苗，但是可以接种流感灭活疫苗；服用阿司匹林或含有水杨酸成分药物治疗的儿童和青少年；有脑脊液漏者；有人工耳蜗者。以下情况接种流感减毒活疫苗时，需要谨慎考虑使用。对鸡蛋重度过敏，即发生血管性水肿或肿胀，呼吸窘迫，头晕目眩或反复呕吐者，接种时应有识别和处理严重过敏反应经验丰富的医护人员在场；既往接种流感疫苗后 6 周内发生吉兰-巴雷综合征者；在接种流感疫苗前 6 周内发生过细菌性咽扁桃体炎（链球菌感染）；有哮喘的 5 岁及以上儿童；其它导致容易发生流感并发症的疾病（无论年龄如何）：如慢性肺病，心血管疾病（分离性高血压除外），肾病，肝病，神经系统疾病，血液系统疾病或代谢性疾病（包括糖尿病）等；中度或重度急症，无论是否发热。流感疫苗针对备孕、妊娠和哺乳期间的女性，可以接种吗？可以。备孕：流感疫苗在备孕阶段是可以接种的，和普通人接种流感疫苗的注意事项没有什么不同。妊娠期：妊娠期女性接种流感灭活疫苗是安全、有效的，可有效预防自己及新生婴儿患流感。中国流感疫苗接种指南（2020～2021）也是推荐妊娠期女性接种的，无论处于妊娠期的哪个阶段。妊娠期女性应接种流感灭活疫苗，不应接种流感减毒活疫苗，因为妊娠期间应用活疫苗的安全性仍存疑。哺乳期：哺乳期的宝妈可以接种灭活流感疫苗。妊娠期和哺乳期接种流感疫苗不仅很安全，而且还非常有必要，可以有效降低胎儿、小婴儿遭受流感病毒侵扰的风险。流感疫苗针对对鸡蛋过敏的人群，可以接种吗？可以。随着生产工艺的提高，流感疫苗中的卵蛋白含量已大大降低。研究表明对鸡蛋过敏者接种流感疫苗，不会发生严重过敏反应。我国的流感疫苗指南中明确提到了流感灭活疫苗、流感减毒活疫苗均可以给鸡蛋过敏者安全使用。流感疫苗的接种不受哪些因素影响？如果不是对疫苗成分过敏，没有正在罹患中重度疾病，以下情况通常都是可以接种流感灭活疫苗的：既往有过热性惊厥；对牛奶、鸡蛋过敏；有过敏性鼻炎、哮喘、慢性荨麻疹等过敏性疾病。正在罹患轻微呼吸道疾病，如感冒。流感疫苗对于患过流感、去年接种过流感疫苗的人，还需要接种吗？要。首先，流感病毒有很多种亚型，以前得过的流感未必是流感疫苗所覆盖的流感病毒亚型。其次，流感病毒容易发生变异，使原有疫苗失去保护效力。第三，疫苗效果在接种 6～8 个月后会逐渐衰减。综上，即使患过流感，即使以前接种过流感疫苗，也需要每年接种新的疫苗。流感疫苗必须间隔满 1 年才能接种吗？不是的。流感疫苗接种指南和流感疫苗的说明书上都写着流感疫苗应该「每年接种」，但这并不意味着要间隔满 1 年才能接种。实际上，每年的流感疫苗都应该赶在流感季节来临之前接种上，不必等到间隔满 1 年再接种。我国的流感疫苗接种指南建议最好在 10 月底前完成接种。流感疫苗每年都必须接种同一种吗？不是的。可接种不同类型、不同厂家的流感疫苗。流感疫苗可以和其他疫苗一起接种吗？灭活的流感疫苗可以和其他灭活疫苗及减毒活疫苗同时、在不同部位接种，或者间隔任意时间接种。目前没有发现同时接种会影响流感疫苗和联合接种疫苗的效果和安全性。往年接种了灭活流感疫苗，今年可以换成鼻喷流感疫苗吗？可以。但如果宝宝是首次接种流感疫苗，并且已经接种了第一剂灭活流感疫苗，那么本轮接种就不可以再换成鼻喷流感疫苗了。对于 3～17 岁人群来说，如果选择鼻喷流感疫苗，和注射的疫苗一样，仍需每年接种。注意：具体接种方案由接种医生根据疫苗说明书要求和实际情况而定。鼻喷流感疫苗和普通流感疫苗哪个更安全有效？能够上市的疫苗，安全性和有效性都没有显著差异，都可以放心接种。如果孩子对打针强烈恐惧、十分抵抗，或者存在出血性疾病的儿童（如血友病），可以尝试一下鼻喷的接种方式。,流感疫苗需要接种几剂，每剂间隔多长时间？流感疫苗最好每年接种一次，最佳接种时间是在流感高发季到来之前，一般是 9～11 月份。根据中国流感疫苗接种指南建议：6 月龄～8 岁儿童首次接种或既往接种 2 剂次以下流感疫苗的 6 月龄 8 岁儿童，应接种 2 剂次，间隔 ≥ 4 周，对 IIV 或 LAIV 均建议上述原则。 过去 1 年中或以前接种过 2 剂或以上流感疫苗的儿童，则建议接种 1 剂。9 岁及以上儿童和成人：仅需接种 1 剂。流感疫苗针对去年首次接种了一剂的孩子，今年应该接种几剂？中国流感疫苗预防接种技术指南建议：对于 6 月龄～8 岁儿童以前接种过 2 剂或以上流感疫苗的儿童，本次接种 1 剂流感疫苗即可。如果只接种了 1 剂，则本次应该接种 2 剂。美国免疫接种实践咨询委员会（ACIP）建议：6 月龄 ～ 8 岁的儿童，只要之前接种的流感疫苗不足两剂，本次就应接种两剂疫苗。9 岁及以上儿童和成人：仅需接种 1 剂。流感疫苗如何接种？流感灭活疫苗应肌肉注射或深部皮下注射。成人和大年龄儿童首选上臂三角肌接种疫苗，婴幼儿和小龄儿童的接种部位以大腿前外侧为最佳。流感减毒活疫苗需在鼻内喷雾接种。接种后需要在接种地点留下观察 30 分钟。回家后注意休息。流感疫苗的接种错过了时间怎么办？接种流感疫苗的最佳时间是每年的 9～11 月。但并不是说错过了最佳接种时间，就不能接种了。通常接种流感疫苗 2～4 周后，可产生具有保护水平的抗体，错过了接种时间可以随时接种，也能很快产生保护效果。需要接种两剂流感疫苗的孩子，如果第二剂疫苗错过了接种时间，也是随时补种即可。不影响流感疫苗的整体效果，只是需等第二剂疫苗接种 2～4 周后，才可产生完全的保护效果。鼻喷流感疫苗（LAIV3）只接种了一半该怎么办？LAIV3 的接种剂量是 0.2 mL，鼻内接种（每侧鼻孔 0.1 mL）。如果只接种了一半剂量的 LAIV（仅对一侧鼻孔接种 0.1 mL，另一半因某些原因浪费了），则应视为无效接种。应在再次就诊时接种全剂量的流感疫苗。全剂量接种的时机因疫苗类型而异：LAIV 应在接种部分剂量至少 4 周后再接种后续剂量；而灭活疫苗 IIV 的后续剂量接种没有时间限制。鼻喷流感疫苗接种后打了个喷嚏、擤了鼻涕，会不会失效？要不要补种？如果刚刚接种鼻喷流感疫苗后，孩子就多次打喷嚏或者擤鼻涕，理论上确实可能影响疫苗的保护效果。但到底会有多大影响难以衡量。所以，只要完成接种，目前均不再建议补种。,流感疫苗接种后会出现哪些不良反应？一般认为流感灭活疫苗是安全的。常见的不良反应主要表现为局部反应（接种部位红晕、肿胀、硬结、疼痛、烧灼感等）和全身反应（发热、头痛、头晕、嗜睡、乏力、肌痛、周身不适、恶心、呕吐、腹痛、腹泻等)，程度均较为轻微，一般可自行缓解。极少出现重度不良反应。,流感疫苗应该如何贮存？流感疫苗的贮存需要全程冷链，即从生产厂家到各级贮存单位、接种点各个环节都需配备冷藏设备，于 2～8 ℃ 冰箱或冷藏箱保存和运输，并且避免冻结。为避光保存疫苗，疫苗应保存在其原始包装中。接种前从冷藏容器内取出。接种前要核对疫苗有效期，避免接种已失效的疫苗。流感疫苗的法定接种地点要向当地疾病预防控制中心查询确认，以避免接种不合格的疫苗。流感疫苗的成分是什么？主要成分为每年世界卫生组织推荐的甲型乙型流感病毒株，包含甲型 H1N1、H3N2 和乙型流感病毒，疫苗株分别接种在鸡胚胎细胞培养后，收获病毒液经灭活、浓缩、裂解和纯化等工艺处理后制成。流感疫苗的正常颜色、形态是什么？流感疫苗正常情况下为无色透明澄清液体或轻微乳白色液体。流感疫苗的参考价格是多少？流感疫苗受不同企业定价、各省招标价及预防接种服务费等因素影响，不同剂型价格有差异，没有固定的价格，每年都有变动。一般，三价流感疫苗价格 50～180 元不等，四价流感疫苗约 160 元。鼻喷流感疫苗的参考价格是多少？疫苗本身的价格为 298 元 / 剂，各地每剂的接种服务费略有不同。鼻喷流感疫苗可以在哪里接种？和灭活流感疫苗一样，成人和儿童均可以在居住地所属的社区卫生服务中心接种流感疫苗，部分地区成人和儿童的接种服务时间可能不同。一些有资质的私立医疗机构也可接种。注意：疾控中心不提供疫苗接种服务。流感疫苗无法接种，如何预防流感？如果有无法接种疫苗的情况，也有其他办法预防流感。日常生活中预防流感的主要措施包括：勤洗手；保持环境清洁及通风；尽量减少到人群密集场所活动，避免接触呼吸道感染患者；没洗手时尽量避免触摸口、鼻、眼；对于较易发展为重症病例的人群，密切接触流感患者后 48 小时内可以使用抗病毒药物预防流感。详见流感的「预防」部分。
10391,https://dxy.com/drug/10391/detail,HPV疫苗,二类疫苗,"・ 最好在首次性生活之前接种完成。
・ 接种前无需进行 HPV 病毒检测。
・ 接种 HPV 疫苗后仍需定期接受宫颈癌筛查。","特别鸣谢 邵忆楠老师（微博：卤煮疫苗） 为 HPV 疫苗词条的内容补充作出贡献。
[1] FERLAY J，et al．Cancer incidence and mortality worldwide: Sources，methods and major patterns in GLOBOCAN 2012 [J]．Int J Cancer, 2015, 136( 5) : E359-E386.
[2] Mu?oz N, Kjaer SK, Sigurdsson K, et al. Impact of human papillomavirus (HPV)-6/11/16/18 vaccine on allHPV-associated genital diseases in young women [J]. J Natl Cancer Inst, 2010, 102(5):325-339. 
[3] Paavonen J, Naud P, Salmerón J, et al. Efficacy of human papillomavirus (HPV)-16/18 AS04-adjuvanted vaccine against cervical infection and precancer caused by oncogenic HPV types (PATRICIA): final analysis of a double-blind, randomised study in young women [J]. Lancet, 2009,374(9686): 301-314. 
[4] ACOG Practice Bulletin No. 157, ObstetGynecol. 2016;127:185-7.
[5] 吴婵 周怀君 李梅. 关于美国妇产科医师协会“HPV疫苗接种的委员会意见”的解读. 中华妇产科杂志 ,2017,5(52): 354-357.
[6] W H O 关于人乳头瘤病毒疫苗的意见书. 国际生物制品学杂志, 2017 ,6(40): 303-309.
[7] Kim DK, et al. Advisory Committee on Immunization Practices Recommended Immunization Schedule for Adults Aged 19 Years or older-United States,2018. MMWR Morb Mortal Wkly Rep 2018;67:158.
[8] Markowitz LE, Dunne EF, Saraiya M, et al. Human papillomavirus vaccination: recmmendations of the Advisory Committee on Immunization Practices(ACIP). MMWR Recomm Rep 2014;63:1.
[9] 双价人乳头瘤病毒疫苗（大肠杆菌）说明书",HPV 疫苗是什么？HPV 即人乳头状瘤病毒，常通过性接触传播，可引起外生殖器湿疣、宫颈癌、阴道癌、阴茎癌、肛门癌等疾病。HPV 有很多种类型，不同类型引起的疾病不同，其中 HPV 16、18 型是两种最主要的可导致宫颈癌的类型。HPV 疫苗，顾名思义，即预防 HPV 感染的疫苗。疫苗接种后，可刺激人体免疫系统产生保护性抗体。这种抗体存在于人的体液之中，一旦 HPV 入侵人体，抗体会立即作用，将其清除，阻止 HPV 致病。由于 HPV 的主要危害是宫颈癌，所以 HPV 疫苗常常被称为「宫颈癌疫苗」。预防宫颈癌是 HPV 疫苗的最主要作用，但其作用并非局限于此。HPV 疫苗二价、四价、九价的区别？目前已上市的 HPV 疫苗有 3 种，2 价、4 价、9 价。「价」代表的是可预防的病毒类型，价数越多，可预防的 HPV 种类就越多。2 价疫苗可以预防 16 和 18 型 HPV 感染，目前统计数据显示可预防约 70% 的宫颈癌、宫颈上皮内瘤变（CIN 1-3）及子宫颈原位腺癌。4 价疫苗可以预防 6、11、16、18 型 HPV 感染引起的宫颈癌和生殖器尖锐湿疣。HPV 6 和 HPV 11 极少引起宫颈癌，但可以引起尖锐湿疣，所以 4 价疫苗还可以预防尖锐湿疣。9 价疫苗可预防 6、11、16、18、31、33、45、52、58 型共 9 种亚型的 HPV，覆盖种类最多。目前有关研究数据表明，9 价疫苗可预防约 97% 的由 HPV 31、33、45、52、58 型引起的宫颈、阴道、外阴、肛门癌前病变，可将针对宫颈鳞癌的保护作用提高至约 90%。HPV 疫苗 2 价适合什么年龄接种？批准接种人群为 9～45 岁女性。HPV 疫苗 4 价适合什么年龄接种？批准接种人群为 9～45 岁女性。HPV 疫苗 9 价适合什么年龄接种？目前 HPV 九价疫苗接种使用人群是 9～45 岁适龄女性，分三次接种，于第 0 个月、第 2 个月和第 6 个月各接种一次。但是不同的线下接种点可能会有不同批次的产品，具体接种年龄的限制，以实际接种的疫苗产品说明书为主。HPV 9 价疫苗超过 26 岁还能打吗？截至 2022 年 8 月，我国批准上市的九价 HPV 疫苗，其接种人群是年龄范围是 9～45 岁适龄女性。不同的线下接种点可能会有不同批次的产品，具体接种年龄的限制，以实际接种的疫苗产品说明书为主。HPV 九价疫苗不仅可以预防 90% 的宫颈癌发生，也可预防低危型 HPV 感染引起的生殖器病变。需要注意的是，接种 HPV 疫苗不能代替宫颈癌筛查，接种后的女性仍然需要定期进行宫颈检查。接种 HPV 疫苗需要多少钱？目前国内上市的国产 HPV 2 价疫苗 3 针约 1000～1500 元，进口 HPV 2 价疫苗 3 针约 1800 元，4 价疫苗 3 针约 3000～4500 元，9 价疫苗 3 针约 5000～7000 元。（各地情况有所不同，价格可能略有变动）,HPV 疫苗哪些人不能接种或需小心接种 ？这种情况绝对不能接种：对 HPV 疫苗中的任何一种成分严重过敏的人不应该接种该疫苗。这些情况暂时不能接种：患有中度或重度疾病、急性严重发热疾病时，应等待疾病好转后再接种。这些情况需要请医生评估能不能接种：接种前有发热或近期有发热症状，需要医生根据症状的严重程度和病因，评估后再决定是否需要推迟接种，仅有低热和轻度上呼吸道感染并非接种的绝对禁忌。HPV 疫苗对有免疫抑制或使用免疫抑制药物的人有用吗 ？有免疫抑制并不是 HPV 疫苗接种的禁忌证，常见符合此类情况的有 HIV 感染者或器官移植患者等。但免疫功能低下患者的免疫应答可能不太有效，也就是说，接种后不一定能起到预防 HPV 感染的效果。使用免疫抑制药物时接种 HPV 疫苗可能也无法使疫苗产生最佳预防效果，此类情况常见如全身性大剂量使用类固醇药物，以及使用抗代谢药物、烷化剂、细胞毒性药物等。HPV 疫苗妊娠期或哺乳期可以接种吗？建议不要接种。妊娠期：虽然目前尚未发现 HPV 疫苗对妊娠期女性有不良影响，但因现有数据有限，建议妊娠期间避免接种。备孕期间不影响接种，但发现已经怀孕时需要中断接种，待生产后再进行接种。如果在不知道怀孕的情况下无意中接种了 HPV 疫苗，也不必过于惊慌，目前尚未发现 HPV 疫苗对胎儿有不良影响，建议在医生的指导下做好孕期检查。哺乳期：哺乳期妇女可以接种 HPV 疫苗，对于母亲和婴儿来说，灭活疫苗如 HPV 疫苗不会影响母乳喂养的安全性。HPV 疫苗在以前有过 HPV 感染情况下，还要接种吗？对于有 HPV 既往感染史者，只要在推荐接种的年龄范围内，仍然推荐接种疫苗，因为接种疫苗对未感染过的 HPV 亚型仍有防护作用。以前有生殖器疣病史，或 HPV 检测阳性病史，或者宫颈、阴道、外阴、肛门细胞学异常，都提示既往感染过 HPV，但感染的不一定是 HPV 疫苗所覆盖的 HPV 亚型。也因此，接种 HPV 疫苗前一般不需要检查是否感染过 HPV （比如进行 HPV DNA 检测）。但接种前要知道，接种疫苗对既有的 HPV 感染或 HPV 相关疾病并无治疗作用；而且，有感染史者接种 HPV 疫苗后的获益不如未感染过 HPV 的人那么大。HPV 疫苗可以和其他疫苗或药物同时使用吗？HPV 疫苗可以与其他适龄疫苗在不同部位、使用不同注射器同时接种。使用镇痛药、抗生素、维生素和激素类避孕药不会影响 HPV 疫苗的接种效果。打了 HPV 疫苗后，一年内不能怀孕？不是。HPV 疫苗为灭活疫苗。接种 HPV 疫苗后发现怀孕，不需要流产。如果尚未怀孕的，建议在 HPV 疫苗完成接种后的 3～6 个月再备孕。因每个人的个体差异及疫苗种类不同，具体注射完疫苗多久后才能怀孕需要进一步咨询专业医师，以免造成不良后果。HPV 疫苗能不能月经期间接种？月经期不是接种疫苗的禁忌证，HPV 疫苗可以在女性月经期间正常接种，不会影响疫苗的免疫效果。但是有些接种机构也会建议不要在月经期打疫苗，因为有些女性在月经期会出现痛经的情况，注射 HPV 疫苗后也有可能出现头晕、乏力、恶心等症状，所以接种疫苗可能会加重不适的症状，因此最好能避开月经期接种。服用感冒药、避孕药、精神类药物是否影响接种 HPV 疫苗？关于 HPV 疫苗和药物之间的相互作用，有这方面的专门的临床研究和观察。目前的结论是没有发现使用感冒药、抗生素、维生素补充剂、避孕药、精神类药物等会影响疫苗的免疫效果。接种期间要尽量避免使用的是影响免疫功能的药物，比如血液制品、免疫球蛋白、免疫抑制剂等。如果因为治疗的需要使用了免疫球蛋白或血液制品，要间隔三个月再接种 HPV 疫苗。如果已经接种了 HPV 疫苗，因为治疗疾病需要使用感冒药、精神类药物的话，可以正常服用，不需要与接种疫苗的时间刻意间隔开。过敏症、高血压疾病这些是否影响接种 HPV 疫苗？HPV 疫苗的接种禁忌证较少，只有对疫苗的成份过敏（已知对疫苗中的成份过敏或接种后出现过敏反应的表现）、患有严重急性疾病或未控制良好的严重慢性疾病期间不能接种，其余多数情况是可以接种的。过敏性疾病和高血压本身不属于接种 HPV 疫苗的禁忌证，过敏性疾病只要不是正在发作期间，有明显症状和在进行治疗，高血压只要没有明显症状或规律服药血压控制在正常水平，那就可以正常接种 HPV 疫苗。,HPV 疫苗应该如何接种？三种疫苗均分三次接种，全部接种完成共需 6 个月。通常 2 价疫苗分别在 0、1、6 个月各接种一针，国产2价疫苗在 9～14岁年龄范围内可以采用 0、6 月的接种程序。4 价和 9 价都是在 0、2、6 个月各接种一针。但如果在特殊情况下不能完全按免疫程序注射，4 价和 9 价 HPV 疫苗应遵循第一针和第二针最短间隔 1 个月、第二针和第三针最短间隔 3 个月的程序。2 价 HPV 疫苗第二针可在第一针后 1～2.5 个月之间接种，第三针可在第一针接种后 5～12 个月之间接种。4 价和 9 价 HPV 疫苗以及 2 价 HPV 疫苗所有三针应该在一年内完成，只要符合以上的间隔要求，那么就是有效的接种。接种方式为肌肉注射，首选接种部位为上臂三角肌。HPV 疫苗是有了性生活就不能接种了吗？不是。虽然在有性生活前接种 HPV 疫苗效果最佳，但有性生活后仍然可以接种，只是可能由于已经有过部分 HPV 亚型的感染史，因此获益可能相对小一些。总之，建议在允许接种的年龄范围内，越早接种越好，能在性经历之前接种最好，有了性经历之后接种性价比会降低，但也完全可以根据自己的需要选择。不同国家批准的 HPV 接种人群略有区别，比如美国批准男性接种 HPV 疫苗，我国于 2025 年 1 月也批准了四价人乳头瘤病毒疫苗的多项新适应证，适用于 9～26 岁男性接种。具体可咨询当地的疫苗接种机构。HPV 疫苗打一针就足够了吗？WHO（世界卫生组织）认为只接种 1 剂次 HPV 疫苗就可以产生和 2～3 剂次同样的免疫效果，有效预防由 HPV 持续感染引起的宫颈癌，但这不代表打 3 针 HPV 疫苗是没有意义的。目前针对 1 针疫苗保护效力的研究，还不足以支持其推翻并取代 3 针的方案。没有证据证明接种 1 针和接种 2～3 针，对预防宫颈癌或癌前病变同样有效，因此不能认为打一针就够了。同样，并非所有品牌、所有类型的 HPV 疫苗都适用于单针程序。因此对于有接种需求的人群来说，在有更确凿的证据或官方政策更新前，最好还是按照目前批准的免疫程序接种 HPV 疫苗，以达到最理想的保护。,HPV 疫苗接种后可能出现哪些不良反应？HPV 疫苗注射部位的不良反应主要包括疼痛、肿胀、红斑、瘙痒；全身不良反应主要包括头痛、发热、头晕、眼花，肌肉痛、关节痛，以及胃肠道症状（恶心、呕吐、腹痛）。但实际上，这些全身不良反应和疫苗本身可能并无直接关系。上述不良反应程度为轻度至中度，且短期内可自行缓解，无需特殊处理。青少年接种疫苗后有较高的晕厥风险，应至少在医院等待观察 30 分钟再离开。HPV 疫苗可以造成「子宫早衰」「脑损伤」「死亡」吗？围绕着 HPV 疫苗，有很多关于疫苗副作用的谣言，这些谣言大多没有实验证据，或者是被证实存在研究造假。截至目前，现有 HPV 疫苗的安全性均已获得大型临床试验的证实。WHO 全球疫苗安全咨询委员会明确表态，认为 HPV 疫苗不存在任何值得担心的安全问题。,HPV 疫苗应该怎么贮存？2～8 ℃避光贮存，不可冷冻。自冷藏中取出后应尽快接种。已有研究证实，即使未放入冰箱冷藏，2 价疫苗在 8～25 ℃ 贮存 3 天或在 25～37 ℃ 贮存 1 天，成分依然稳定。4 价疫苗可在 8～42 ℃ 稳定贮存 3 天。9 价疫苗可在 8～25 ℃ 稳定贮存 3 天。HPV 疫苗接种后还需要做宫颈癌筛查吗？需要。女性接种 HPV 疫苗不能代替宫颈癌筛查，接种后仍然需要定期进行宫颈检查。有性生活的女性，21～29 岁推荐每 3 年做一次 TCT 检查（即子宫颈脱落细胞检查）；30～65 岁可以选择每5年做一次 TCT 和 HPV 联合检查，也可以选择继续每 3 年做一次单独 TCT 检查，每 5 年做一次单独 HPV 检测；连续筛查未发现病变者，可考虑在 65 岁左右停止筛查。如何得知自己是否已经感染 HPV ？如果有性生活史，可以妇科取宫颈管内分泌物检测 HPV，来了解是否有下生殖道的 HPV 感染。但是，实际上接种 HPV 疫苗前并不需要常规检测是否有 HPV 感染，因为有 HPV 感染仍然可以接种。接种 HPV 疫苗后，对已经感染的 HPV 亚型没有预防效果，但是对没有感染的类型仍然有预防效果。同时，感染的 HPV 类型转阴后，HPV 疫苗也可以减少再次感染的风险。HPV 疫苗接种前需不需要做是否感染 HPV 病毒的检查？接种 HPV 疫苗前，不需要专门检查是否已感染 HPV 病毒。这是因为即使感染了部分 HPV 病毒，接种疫苗仍然可以预防未感染的其它型的 HPV 病毒。比如，二价和四价 HPV 疫苗都被观察到有交叉保护作用，也就是对疫苗未包含的型别如 HPV 31、33 和 45 型等仍有保护作用，只要没有全部感染这么多种型别的 HPV ，接种 HPV 疫苗就仍然是有用的。另外，感染 HPV 病毒后，尽管大部分人会自愈，但自然感染 HPV 病毒后获得的免疫力，往往不足以预防以后的 HPV 病毒感染。基于这些理由，世界卫生组织也建议在接种 HPV 疫苗前无需做 HPV 病毒感染的检查就可以直接接种。HPV 疫苗和新冠疫苗可以一起接种吗？由于国内尚未进行 HPV 疫苗与其他疫苗联合接种的临床试验，目前暂不推荐 HPV 疫苗与其他疫苗同时接种。目前要求两种疫苗接种至少间隔 14 天以上再接种。以免出现副反应或不适症状不能区分是哪种疫苗引起。HPV 疫苗可以治疗宫颈癌吗？HPV 疫苗不能治疗宫颈癌，不能治疗已经发生的 HPV 相关病变，更不能防止病变的进展，而仅用于预防用途 。
10933,https://dxy.com/drug/10933/detail,狂犬病疫苗,二类疫苗,"・ 接种没有时限，建议尽早接种。
・ 可以同其他疫苗一起接种。
・ 被注射过疫苗的宠物咬伤仍需接种。","・ 刁连东，孙晓冬. 实用疫苗学[M]. 上海：上海科学技术出版社，2015.
・ 狂犬病预防控制技术指南（2016版）
・ 狂犬病暴露预防处置专家共识中华预防医学杂志 2019 年 7 月第 53 卷第 7 期.",狂犬病疫苗是什么？狂犬病主要是由携带狂犬病毒的家犬、猫以及雪貂、狼等野生动物咬伤导致的。注射狂犬病疫苗可以预防狂犬病发生。狂犬病疫苗哪些人需要接种？被动物致伤后预防：被患狂犬病动物或可疑患狂犬病动物咬伤、抓伤、舔舐粘膜或者破损皮肤处，需要注射狂犬病疫苗。无致伤的预防：所有持续、频繁暴露于狂犬病毒危险环境下的个体，均推荐在受伤前进行预防性的狂犬病疫苗接种，如接触狂犬病病毒的实验室工作人员、可能涉及狂犬病病人管理的医护人员、狂犬病病人的密切接触者、兽医、动物驯养师以及经常接触动物的农学院学生等。狂犬病疫苗接种后多久能起保护作用？接种狂犬病疫苗一周内就会开始产生抗体，接种完全部的狂犬病疫苗半月后抗体可达到最大强度，可杀死体内狂犬病毒，达到预防狂犬病的目的。狂犬病疫苗是免费的吗？狂犬病疫苗是非免疫规划类疫苗，需要自费。狂犬病疫苗有哪几种类型可供选择？我国目前使用的狂犬病疫苗有 Vero 细胞、鸡胚细胞、原代地鼠肾细胞、人二倍体细胞狂犬病疫苗。人二倍体细胞狂犬病疫苗使用的是人源细胞培养基质，产量较低、价格较贵。狂犬病疫苗进口和国产差别大吗？目前国内暂无进口的狂犬病疫苗。国内广泛使用的国产纯化 Vero 细胞、地鼠肾细胞等狂犬病疫苗，不良反应轻、效果好，与进口狂犬病疫苗有着同样良好的安全性和效力。狂犬病疫苗接种之后就可以完全避免得狂犬病吗？不一定。疫苗不能保证 100% 有效。狂犬病是否发病还和受伤部位、伤口严重程度、咬伤后伤口处理是否得当、是否按需使用了狂犬病被动免疫制剂、患者是否处于免疫抑制状态等因素有关。狂犬病疫苗接种之后再次被狗咬伤，还需要接种狂犬病疫苗吗？不一定。对于曾经接受过疫苗全程接种者，3 个月内再次被抓伤咬伤，做好伤口处理即可，不必再次接种疫苗。对于曾经接受过疫苗全程接种者，如果超过 3 个月以上再次被抓伤咬伤，则需要在第 0 天和第 3 天各接种 1 剂疫苗。狂犬病疫苗注射过的宠物，被它咬了还用打狂犬病疫苗吗？通常要打。如果宠物只是注射了疫苗，但没有产生抗体，被咬者就会有感染狂犬病的风险，因此需要注射疫苗。如果宠物注射疫苗后产生了抗体，但注射时间已经超过 1 年，抗体的保护作用可能已经失效，被咬者仍需接种狂犬病疫苗。另外宠物可接种的疫苗种类较多，不一定接种的是狂犬病疫苗。在宠物没有明确可靠的狂犬病疫苗免疫史的情况下，受伤后通常应该接种狂犬病疫苗。被人咬了之后需要打狂犬病疫苗吗？不一定。如果咬人的人是狂犬病患者，则需要注射狂犬病疫苗。正常健康人是不携带狂犬病毒的，被正常人咬伤不需要接种狂犬病疫苗。,狂犬病疫苗不同厂家、不同批号的疫苗可以交叉使用吗？理论上讲，可以交叉使用。不同品牌的合格疫苗，其有效成分均是灭活的狂犬病病毒，均可以刺激机体产生有效抗体。但为了在接种疫苗后出现问题时便于追溯，建议尽量使用同一品牌的狂犬病疫苗完成全程接种。哪些人不能接种狂犬病疫苗？考虑到狂犬病是致死性疾病，被动物致伤后应立即接种疫苗，不存在不能接种的情况。对一种品牌疫苗过敏者，可更换另一种品牌疫苗继续完成全部接种程序。如果是在被动物致伤前进行预防性接种，则以下人群不能接种或应推迟接种：对疫苗中任何成分曾有严重过敏史者，不应再接种同种疫苗。妊娠、患急性发热性疾病、急性疾病、慢性疾病的活动期、使用类固醇和免疫抑制剂者，可酌情推迟接种。有免疫缺陷者不建议进行暴露前的预防性接种。但如果极有可能感染狂犬病毒，也是可以进行预防性接种的，完成免疫接种程序后需进行中和抗体的检测，以确保确实产生了可靠的保护性抗体。狂犬病疫苗可以和其他疫苗一起接种吗？可以。需要把接种部位错开。狂犬病疫苗哪些情况可能会影响其疫苗效果？有免疫抑制情况的人（如艾滋病患者，大量使用免疫抑制剂的病人等），接种狂犬病疫苗后可能不能产生有效的保护效果。建议接种后检测中和抗体，抗体阴性者需要加强接种。,狂犬病疫苗针对动物致伤的情况如何接种？目前我国推荐两种接种程序，两种程序的推荐度相同：五针法：第 0、3、7、14 和 28 天各接种一剂，共接种五剂。所有狂犬病疫苗都可采用这种接种程序。2-1-1 程序：第 0 天接种两剂（左右上臂三角肌各接种一剂），第 7 天和第 21 天各接种一剂，共接种四剂。两种接种程序的保护效果相当，但「2-1-1 程序」还有一些优势：降低病人费用；减少两次就诊，方便病人的同时，减轻了临床医务人员的工作量；提高了病人的依从性，据调查 2-1-1 程序的依从性明显高于五针法。可以更早的产生抗体，在我国被动免疫制剂使用率低的情况下，早产生抗体具有巨大优势。狂犬病疫苗「2-1-1 程序」接种有哪些注意事项？首次接种时，在左右上臂三角肌各接种一剂，严禁两剂混合后在一侧三角肌接种。狂犬病疫苗要是做致伤前的预防性接种，该怎么接种？对可能会接触到狂犬病毒的人（如兽医、动物饲养员、林业员、猎人、屠宰工人、接触狂犬病毒实验室人员等），在未被咬伤之前就可以注射狂犬病疫苗来预防。可按 0、7、21 天注射三针疫苗，高危人群可1 年后加强一针，然后每隔 1～3 年再加强一针即可。狂犬病疫苗在哪里接种？由卫生行政部门批准设立的综合性医院、街道社区卫生服务中心、疾病预防控制中心门诊部等都可以进行接种。具体可咨询 12320 卫生热线电话。狂犬病疫苗一定要在咬伤后 24 小时内注射吗？超过 24 小时怎么办？越早接种越好，超过 24 小时也要接种。狂犬病发病前任何时候接种疫苗都有意义。狂犬病的潜伏期为 1～3 个月，发病前都应该积极接种预防。,狂犬病疫苗有哪些副作用？常见不良反应主要发生在接种狂犬病疫苗后 24 小时内。注射部位的红肿、疼痛、发痒，这种情况不需要紧张，可自行缓解。有些人还会出现轻度发热、无力、头痛、眩晕、关节痛、肌肉痛、呕吐等情况，通常不需要处理，可自行消除。如果发热较重，可使用解热镇痛剂退热。,狂犬病疫苗怎么储存？2~8 °C 冷藏贮存。狂犬病疫苗接种中什么是十日观察法？十日观察法是指被致伤后一边按计划打疫苗，一边观察致伤动物的健康状态。如果动物 10 天后没有死亡，说明受伤时动物不在狂犬病传染期，就可以不用接种剩下的狂犬病疫苗了。
11036,https://dxy.com/drug/11036/detail,甲型H1N1流感疫苗,二类疫苗,"・ 仅能预防甲型 H1N1 流感。
・ 每次甲流流行前都需要重新接种。
・ 功能已经被普通流感疫苗全覆盖。",・ 刁连东，孙晓冬. 实用疫苗学[M]. 上海：上海科学技术出版社，2015.,甲型 H1N1 流感疫苗是什么？甲型 H1N1 流感疫苗有什么用？甲型 H1N1 流感（H1N1 Influenza A，简称「甲流」）是由甲型 H1N1 流感病毒引起的一种传染病，可以人传染人，所有人群都容易被感染。人感染甲流后的早期症状与一般的流感相似，主要表现为发高烧、全身酸痛不适，严重者可发生呼吸衰竭及多器官损伤，甚至死亡。甲型 H1N1 流感疫苗（简称「甲流疫苗」）是全病毒灭活疫苗，即把灭活的甲型 H1N1 流感病毒经浓缩、纯化、裂解后制成的，可刺激机体产生针对甲流病毒的抗体，从而保护机体不被感染而得病。值得一提的是，接种甲流疫苗对其他流感没有预防作用，早年接种季节性流感疫苗对甲流也没有预防作用。但近年来，流感疫苗已经覆盖了甲型 H1N1 流感病毒株，甲流疫苗已经丧失了它的独特作用，目前已经不在临床应用。甲型 H1N1 流感疫苗与普通流感疫苗有何不同？甲型 H1N1 流感疫苗是过渡时期的产物，是在甲型 H1N1 流感大流行后研发的疫苗。随着常规的流感疫苗已经覆盖了甲型 H1N1 流感病毒株（3 价、4 价流感疫苗都覆盖） ，甲型 H1N1 流感疫苗已经没有存在的必要，现在已经退市。预防甲型 H1N1 流感，接种普通流感疫苗即可。甲型 H1N1 流感疫苗哪些人需要接种？甲流疫苗仅适用于 3 岁及 3 岁以上人群。在流行季节（冬春季等寒冷季节），推荐流行地区（根据疫情监测，已经发生了甲流疫情的地区就属于流行地区）的所有人群都进行接种。其中，重点接种人群包括：关键岗位的公共服务人员、学生及教师、慢性病患者等。甲型 H1N1 流感疫苗是免费的吗？是免费的。根据我国控制甲型 H1N1 流感疫情的需要，甲型 H1N1 流感疫苗由政府统一采购、国家统一调配，在接种者知情、自愿的前提下免费接种。甲型 H1N1 流感疫苗接种了，就可以完全避免得甲流吗？和其他疫苗一样，接种甲型 H1N1 流感疫苗后不一定产生 100% 的保护效果。我国的疫苗研究比较早，国外的研究也证明了我国的研究结果：甲流疫苗在 3 岁以上的人群中总体产生免疫保护效果在 85% 以上。甲型 H1N1 流感疫苗接种后免疫保护的持久性如何？接种甲流疫苗后，至少未来 3～4 周都具有较好的保护效果，可以相对安全地度过疾病流行期。,甲型 H1N1 流感疫苗哪些人不能接种？对鸡蛋或疫苗中任一成分（包括辅料、甲醛、裂解剂等）过敏者，特别是卵清蛋白过敏者。以前接种本疫苗后，出现过任何神经系统反应者。患急性疾病（如肺炎）、严重慢性疾病（如心衰、呼吸衰竭）、慢性疾病的急性发作期（如慢阻肺急性发作期）和发热者。有未控制的癫痫，或患其他进行性神经系统疾病者，有格林巴利综合征病史者。对硫酸卡那霉素过敏者。甲型 H1N1 流感疫苗哪些人需谨慎接种？家族和个人有惊厥史者。有癫痫史者。过敏体质者。甲型 H1N1 流感疫苗妊娠期和哺乳期女性可以接种吗？目前尚无充分的研究数据可以证明妊娠期和哺乳期女性接种甲流疫苗是否安全，建议经医生充分权衡利弊后，决定是否接种。甲型 H1N1 流感疫苗可以和其他疫苗同时接种吗？目前这方面的研究数据不足。为了安全起见，建议错开时间接种。甲型 H1N1 流感疫苗对于使用过免疫球蛋白的患者，该如何接种？注射过免疫球蛋白的人，应至少间隔 1 个月以上再接种甲流疫苗，以免影响免疫效果。,甲型 H1N1 流感疫苗何时接种？建议在流行季节（一般是冬春季）到来之前进行接种。接种甲型 H1N1 流感疫苗后并不能获得终身免疫力，因此每次甲流流行前都要重新接种。甲型 H1N1 流感疫苗如何接种？甲型 H1N1 流感疫苗仅需接种一针。于上臂外侧三角肌，肌肉内注射。接种后要在接种点观察至少 30 分钟。,甲型 H1N1 流感疫苗接种后可能会发生哪些不良反应？根据国内的研究结果，注射甲型 H1N1 流感疫苗后，不良反应总体发生率为 17.40%，而安慰剂组（即用无害的生理盐水代替疫苗进行注射）不良反应总体发生率为 10.98%。这说明，很大一部分不良反应并不是疫苗本身导致的，可能跟注射局部损伤及心理作用有关。也就是说甲型 H1N1 流感疫苗总体还是很安全的。注射甲型 H1N1 流感疫苗常见的不良反应有：发热、头痛、疲劳乏力、咳嗽、腹泻、恶心呕吐、注射部位肌肉痛、局部瘙痒、局部红肿、头晕、咽痛、腹痛和关节痛等。多发生于接种后 72 小时内。甲型 H1N1 流感疫苗接种后出现不良反应后如何应对？接种甲型 H1N1 流感疫苗后出现的不良反应一般都比较轻微，不需要特别处理，注意观察就好，通常都能自行恢复，也不会造成什么身体损害。一些罕见且危急的不良反应，比如过敏性休克，多出现在接种疫苗之后的短时间内，需要进行抢救。所以接种疫苗后不要急着回家，在接种点观察 30 分钟，确定没有问题了再离开。,甲型 H1N1 流感疫苗应该如何储存？按说明书贮存。甲型 H1N1 流感疫苗如果未接种，如何预防甲流？甲型 H1N1 流感本质是一种病毒感染，类似感冒，只是这类病毒比一般的感冒病毒更厉害、传染性更强。预防甲型 H1N1 流感的主要措施包括：勤洗手。保持室内通风。在甲型 H1N1 流感季节，少去人多、密闭的场所。
11017,https://dxy.com/drug/11017/detail,霍乱疫苗,二类疫苗,"・ 霍乱疫苗最好和其他疫苗分开接种。
・ 推荐有接触或传播霍乱危险的成人接种。
・ 第二类疫苗，根据需要自愿自费接种。",・ 刁连东，孙晓冬. 实用疫苗学[M]. 上海：上海科学技术出版社，2015.,霍乱疫苗用来预防什么疾病？霍乱疫苗是一种预防霍乱弧菌感染的疫苗。霍乱是一种由霍乱弧菌引起的烈性肠道传染病。其发病急，传播快，是一种致死性强的传染性疾病。其典型临床表现为：起病急骤的剧烈腹泻、呕吐，以及由此引起的脱水、抽搐，严重者可导致心脏和肾脏功能衰竭，甚至死亡。霍乱疫苗的预防接种，可有效阻止霍乱的发生，减轻疾病症状，从而避免霍乱导致的死亡。此外，霍乱疫苗还可以预防产毒性大肠杆菌引起的「旅行者腹泻」。霍乱疫苗推荐哪些人接种？推荐 2 岁及 2 岁以上的儿童、青少年，以及有接触或传播霍乱危险的成人接种，主要包括：生活在卫生条件差或霍乱流行地区的人群；学龄前或学龄儿童；旅游者，旅游业从业者；水上居民；餐饮和食品加工从业者；医务防疫人员；发生自然灾害地区的人群；军队执行野外战勤任务的人员；野外特种作业人员；港口、铁路沿线工作人员；下水道、粪便、垃圾处理人员。发生了腹泻、呕吐等疑似霍乱症状的人，需要接种霍乱疫苗吗？不需要。霍乱疫苗仅能用于预防霍乱的发生，不能用于治疗霍乱。对于发生了腹泻、呕吐等疑似霍乱症状的人，应及时前往医院就诊，明确诊断并积极治疗。已经患过霍乱的人，还有必要接种霍乱疫苗吗？有必要。霍乱康复者可获得至少 3 年的免疫力，3 年后这种免疫作用将会逐渐减弱。因此，如果霍乱痊愈已经超过 3 年，但仍为感染霍乱的高危人群，就仍有必要接种霍乱疫苗，以有效预防霍乱的再次发生。霍乱疫苗是几类疫苗？霍乱疫苗属于国家第二类疫苗，人们可根据自身需求自费自愿接种。霍乱疫苗有哪几种？目前我国的霍乱疫苗仅有一种，即口服重组 B 亚单位/菌体霍乱疫苗（肠溶胶囊），商品名为可唯适。霍乱疫苗接种后，就可以完全避免发生霍乱吗？可以管多长时间？不能。临床试验表明人群接种霍乱疫苗 6 个月和 3 年后，其保护率分别为 85% 和 50%，并不能 100% 预防霍乱的发生。尤其是 3 年后，该疫苗的保护作用会进一步下降。有文献显示，霍乱疫苗的有效保护期是 2 年，在有感染霍乱的持续高风险时，建议每 2 年加强一次。,霍乱疫苗哪些人不能接种？有高热、严重传染病（如艾滋病、活动性肺结核）的患者，不能接种；2 岁以下婴幼儿不能接种；对霍乱疫苗中任一成分过敏者，或服用霍乱疫苗后曾出现严重不良反应者，应停止接种。霍乱疫苗可以给孕期和哺乳期女性接种吗？在霍乱呈大面积流行的国家或地区，妊娠期女性有感染霍乱的高风险时，也可以接种霍乱疫苗。有关哺乳期和妊娠期女性接种霍乱疫苗安全性的研究数据缺乏，在没有感染霍乱的风险时，哺乳期或妊娠期女性最好推迟接种霍乱疫苗。霍乱疫苗在感冒、发烧、咳嗽、咳痰等情况下可以接种吗？有感冒、发烧、咳嗽、咳痰等急性感染或发热性疾病的情况下，最好推迟接种霍乱疫苗，除非医生认为不尽快接种会导致更大的危险。霍乱疫苗可以和其他疫苗一起接种吗？理论上可以和其他疫苗同时接种，但实际上有关霍乱疫苗与其他疫苗相互作用的研究数据较为缺乏，故霍乱疫苗最好和其他疫苗分开接种，避免同时接种而产生不良反应和相互作用。霍乱疫苗和其他药物会产生相互作用吗？可能会。尽管有关霍乱疫苗与其他药物相互作用的研究数据还十分有限，但目前认为霍乱疫苗可能会和抗生素、免疫抑制剂、化疗药物等产生相互作用。所以，霍乱疫苗最好与上述药物分开使用。,霍乱疫苗需要接种几次？每次间隔多长时间？初次接种霍乱疫苗者应接种三次，分别于 0、7、28 天接种。已经接种过霍乱疫苗的人，可视疫情于流行季节（夏秋季）前每 2 年加强接种一次。霍乱疫苗如何接种？霍乱疫苗是口服疫苗，一次服用一粒胶囊。于餐后 2 小时后服用，服用疫苗后 1 小时内勿进食。与抗酸剂配合使用时，服用霍乱疫苗后 1 小时内不要服用饮料。霍乱疫苗错过了接种时间怎么办？一般情况下，短时间内错过了疫苗接种，可继续按原计划接种。若剂次之间间隔超过 6 周，则需要重新开始按基础免疫程序接种。霍乱疫苗没有接种完，但断货了怎么办？建议暂不前往霍乱流行地区，待有货接种完成后再行前往。完成最后一剂次接种 1 周后，可以产生有效的保护作用。霍乱疫苗接种后发生了不良反应，还可以继续完成接种吗？接种霍乱疫苗后一般无特殊反应，若出现腹痛、荨麻疹、恶心、腹泻等不良反应，不建议继续完成接种，以避免发生更加严重的不良反应。,霍乱疫苗接种后可能出现哪些不良反应？接种霍乱疫苗后一般无特殊反应，少数人可能出现发热、轻度腹痛、荨麻疹、恶心、腹泻等不良反应。霍乱疫苗接种后出现了不良反应，应该如何应对？接种霍乱疫苗后一般无特殊反应，若出现轻度腹痛、荨麻疹、恶心、腹泻等不良反应，一般不需要特殊处理，多可自愈。若出现严重的不良反应，如剧烈腹痛、腹泻频繁、全身荨麻疹等，应及时前往医院诊治。,霍乱疫苗应该如何贮存？霍乱疫苗应在 2℃～8℃ 下干燥保存，不能冻存。霍乱疫苗为肠溶胶囊，胶囊内为淡黄色或浅褐色均匀粉末。霍乱疫苗的胶囊是经过密封处理的，若胶囊有开裂，不能使用。霍乱疫苗的成分是什么？目前我国的霍乱疫苗仅有一种，商品名为可唯适。每粒霍乱疫苗胶囊含灭活霍乱弧菌菌体 5.0 × 1010个，重组霍乱毒素 B 亚单位 1 mg。霍乱疫苗如何发挥作用？灭活霍乱弧菌和重组霍乱毒素进入人体后会激活人体免疫系统，使人体产生保护性抗体。这些抗体主要分布在肠道，它们能够抑制霍乱弧菌的定居和繁殖，并阻断霍乱毒素，从而避免发生霍乱。霍乱疫苗的参考价格是多少？霍乱疫苗的参考价为每剂 95～115 元。如果无法接种霍乱疫苗，应该怎么预防霍乱？避免前往霍乱流行区域；注意个人卫生，饭前便后洗手，避免进食生冷变质食物；野外旅游不饮生水，应将生水煮沸后饮用。
11028,https://dxy.com/drug/11028/detail,腮腺炎疫苗,二类疫苗,"・ 接种两针保护率可达 90% 以上。
・ 1～15 岁的儿童和青少年都需要接种。
・ 错过了时间及时补种就可以了。",・ 刁连东，孙晓冬. 实用疫苗学[M]. 上海：上海科学技术出版社，2015.,腮腺炎疫苗是什么？腮腺炎疫苗有什么用？腮腺炎疫苗是减毒活疫苗，可以有效预防「流行性腮腺炎」。虽然流行性腮腺炎本身是一种轻微的疾病，但它可能会造成各种并发症，如睾丸炎、卵巢炎、脑膜炎，罕见的情况下还会造成永久性神经系统后遗症。所以，接种疫苗，预防腮腺炎发生，是很有必要的。腮腺炎疫苗是几类疫苗？单一成分腮腺炎疫苗是第二类疫苗，需要自费接种。腮腺炎疫苗哪些人需要接种？人群对腮腺炎病毒普遍易感（不管抵抗力强不强，都容易被感染）。但 1 岁以内的婴儿体内有母传抗体，约 80% 的成人已经感染过腮腺炎病毒（有些人感染后可不出现任何症状）因而自然获得了免疫力。所以，90% 以上的腮腺炎发生在 1～15 岁的儿童和青少年。因此，既往从未患过流行性腮腺炎或没有接种过腮腺炎疫苗的人，尤其是 1～15 岁的儿童和青少年，都需要接种腮腺炎疫苗，或者接种含有腮腺炎疫苗成分的多联疫苗（如，麻腮风疫苗）。麻腮风疫苗在国家免疫计划里，还需要接种腮腺炎疫苗吗?麻腮风疫苗包括麻疹疫苗、腮腺炎疫苗和风疹疫苗三种成分，称为麻腮风三联疫苗（MMR）。MMR 是国家免疫规划第一类疫苗，大部分地区只安排宝宝免费接种一针，是在 18 月龄时接种。如果以后想再接种一针，需要自费。然而，要获得对流行性腮腺炎更理想的免疫保护效果，需要接种两针腮腺炎疫苗或 MMR，因此，有必要在 4～6 岁之间再自费接种一针腮腺炎疫苗或者 MMR。腮腺炎疫苗需要给得过腮腺炎的人接种吗？不需要接种了。自然感染腮腺炎病毒后一般可获得终生保护，虽然也有腮腺炎复发的报道，但几率非常小。所以得过腮腺炎的人不需要再接种腮腺炎疫苗了。但已患腮腺炎者仍应该按程序接种 18 月龄时的那一针免费 MMR 疫苗，除非证明已患过麻疹、风疹、腮腺炎三种疾病。已患过腮腺炎，再接种 MMR，不会对身体产生不良影响的。腮腺炎疫苗可以完全避免得腮腺炎吗？不可以完全避免得腮腺炎，因为任何疫苗的保护率都无法做到 100%。有研究显示接种一针腮腺炎疫苗的保护率为 75%～85% 不等，接种两针腮腺炎疫苗的保护率可达 90% 以上。一些人虽然接种过两剂腮腺炎疫苗，但如果身处腮腺炎疫情暴发的局部场所（如学校、医疗机构内等），仍然可能患上腮腺炎。具体机制尚不十分明确，可能是免疫系统没有对疫苗发生应答，或者抗体随时间推移而衰减，从而在暴发疫情中再次发病。但接种疫苗者即便再发病，疾病症状也会比较轻。如果暴露于腮腺炎暴发疫情，建议接种第三剂腮腺炎疫苗或 MMR，但应该与上一剂次间隔至少 1 个月。,腮腺炎疫苗哪些人不能接种？腮腺炎疫苗可以给妊娠期和哺乳期女性、对鸡蛋过敏者接种吗？不能接种腮腺炎疫苗的情况很少，但以下情况要禁用：对疫苗任一成分严重过敏者；有先天性或获得性免疫功能缺陷者；患急性疾病、严重的慢性疾病及慢性疾病急性发作者，有发热者；孕妇不能接种该疫苗，育龄期女性接种该疫苗后要至少避孕 3 个月，哺乳期女性可以接种。对鸡蛋过敏的人可以接种腮腺炎疫苗。腮腺炎疫苗接种需要与免疫球蛋白注射间隔多久？注射过免疫球蛋白的人应至少间隔 3 个月再接种腮腺炎疫苗，以免影响疫苗的免疫效果。在接种腮腺炎疫苗后的 14 天内输全血（含免疫球蛋白成分）或接种免疫球蛋白者，应根据免疫球蛋白的使用量的不同，在 3～11 个月后考虑重新接种腮腺炎疫苗。腮腺炎疫苗什么情况下可以正常接种？一般轻微咳嗽、流鼻涕、不伴发热的感冒、湿疹（接种部位渗出性湿疹除外）等情况是可以接种的。但如果仍然担心，缓一缓等病好了再接种也是可以的，只是这样暴露于非免疫的时间多了（裸奔的时间长了），患病的风险就高了。腮腺炎疫苗可以和其他疫苗一起接种吗？腮腺炎疫苗可以与其他疫苗同时接种。和其他注射类减毒活疫苗未同时接种的情况下，则至少相隔 1 个月。,腮腺炎疫苗需要接种几次？腮腺炎疫苗接种每次间隔多长时间？为了获得更持久的免疫力，推荐接种两针腮腺炎疫苗。儿童一般是在 12～18 月龄接种第一针，在 4～6 周岁接种第二针。成人两针之间至少间隔 1 个月。目前我国大部分省份的腮腺炎免疫程序是 18 月龄儿童免费接种一针含有腮腺炎疫苗成分的麻腮风三联疫苗（MMR），个别省份（如北京、上海、天津等）的 4 周岁儿童可免费接种第二针 MMR。如果本省不能免费接种第二针 MMR，建议在孩子 4 周岁时再自费接种一针腮腺炎疫苗或 MMR。腮腺炎疫苗如何接种？腮腺炎疫苗的接种部位在上臂外侧三角肌附着处，皮下注射。注射完在门诊至少观察 30 分钟。腮腺炎疫苗错过了接种时间怎么办？错过了时间也不要恐慌，及时补种就可以了。如果是错过了第一针腮腺炎疫苗或麻腮风疫苗（一般是 18 月龄接种），及早补种即可。如果是错过了第二针腮腺炎疫苗或麻腮风疫苗（一般是 4～6 周岁接种），及早补种上第二针即可，不需要从头再接种。,腮腺炎疫苗可能出现哪些不良反应？腮腺炎疫苗的安全性非常好，不良反应轻微且少见。最常见的不良反应为注射处轻度肿、痛，和轻微发热。其次可出现腮腺或唾液腺一过性肿大、轻度过敏性皮疹等，一般无需特殊处理可自行缓解，必要时可以找医生对症治疗。若出现高热等其他严重疑似不良反应者，应及时就诊。,腮腺炎疫苗怎么储存？按说明书储存。个人一般无需储存。腮腺炎疫苗的成分是什么？腮腺炎疫苗是把腮腺炎病毒减毒株接种于原代鸡胚细胞，经培养后收获的病毒液，加入适宜稳定剂纯化冻干制成。腮腺炎疫苗的参考价格是多少？单一成分的腮腺炎疫苗参考价格为 70～90 元/支，不同地区及不同企业产品价格有差异。
11038,https://dxy.com/drug/11038/detail,破伤风针,被动免疫制剂,"・ 主要用于预防破伤风，应尽早使用。
・ 没有绝对的禁忌，需警惕过敏。
・ 打完破伤风针无需忌口。",・ 刁连东，孙晓冬. 实用疫苗学[M]. 上海：上海科学技术出版社，2015.,破伤风是什么？破伤风是由破伤风梭状芽胞杆菌（简称破伤风杆菌）引起的一种极为严重的潜在致命性疾病。破伤风杆菌通过皮肤或黏膜伤口侵入人体，产生毒性极强的痉挛性毒素，侵犯人的神经系统，引发全身骨骼肌持续性强直和阵发性痉挛，导致喉痉挛、窒息、肺部感染和器官功能衰竭。如果不进行医疗干预，死亡率接近 100%。破伤风发病后无特效治疗药物，所以预防很重要！破伤风针是什么？破伤风针是一种通俗的叫法，学名是「破伤风被动免疫制剂」，简称「破免」。破伤风针是将破伤风类毒素（缩写是 TT，可以理解为毒性降低的破伤风毒素）注射到马或人体内后，从其血浆中提取出的抗体。怀疑感染破伤风杆菌的人注射破伤风针后，其中的抗体可直接破坏掉破伤风杆菌产生的痉挛毒素，从而预防破伤风发病。破伤风针有哪些种类？破伤风针主要有两种：破伤风抗毒素（缩写是 TAT），即马源性破伤风免疫球蛋白；人源性破伤风免疫球蛋白（缩写是 TIG）。TAT：是给马注射破伤风类毒素后，从马血浆中提取的抗体。价格便宜，但容易引起过敏。TIG：是给人注射破伤风类毒素后，从人血浆中提取的抗体。过敏反应发生率低，但价格昂贵且经常缺货。平常医院用的最多的是 TAT。TIG 主要用于对 TAT 过敏的患者。破伤风针和破伤风疫苗是一回事吗？不是。破伤风针是「被动免疫制剂」，破伤风疫苗是「主动免疫制剂」。破伤风疫苗的主要成分是破伤风类毒素（缩写是 TT，可以理解为脱毒的破伤风毒素），注射后可以让我们的身体主动产生中和破伤风毒素的抗体，从而预防将来可能发生的破伤风感染。注射疫苗后，产生抗体需要一定的时间，但产生的抗体相对持久（数年）。而破伤风针则是把马源性或人源性破伤风免疫球蛋白直接注射到伤者体内，以预防短期内将要发病的破伤风。注射破伤风针后虽然可以马上产生预防效果，但抗体的半衰期短，有效作用时间很短，TAT 的半衰期通常为 3～7 天，最短 10～14 小时，反复注射消失得更快，最多 2～3 天即失去作用。单次 TAT 或 TIG 的应用并不能给人体带来对破伤风杆菌的持久免疫力。破伤风针适用于哪些人？已经确诊破伤风，或出现破伤风可疑症状（如漏口水、出汗、苦笑貌、牙关紧闭、角弓反张）的人。外伤或手术切口为「清洁小伤口」，曾经在 10 年前完成了破伤风疫苗的全程接种（全程接种指按规定时间连续接种三次），现时无法获取到破伤风疫苗的人。外伤或手术切口为「不洁伤口」或「污染伤口」，且有以下任一情况的人：从未接种过破伤风疫苗（包括含破伤风疫苗成分的联合疫苗，下同），或不知道自己有没有接种过破伤风疫苗（即，接种史不详）。接种过破伤风疫苗，但没有完成破伤风疫苗的全程接种（全程接种指按规定时间连续接种三次）。曾经完成了破伤风疫苗的全程接种，但时间超过 5 年的。破伤风针使用时怎么分辨伤口是清洁伤口、不洁伤口还是污染伤口？清洁伤口：位于身体细菌定植较少的区域，并且在伤后立即得到处理的简单伤口。如刀割伤。不洁伤口：是指位于身体细菌较多的区域（如腋窝、腹股沟、会阴）的伤口，或超过 6 小时未处理的简单伤口。污染伤口：是指被黏土或粪便污染的伤口，或者是已经感染的伤口。如被污物、有机泥土（沼泽或丛林的土壤）、粪便、唾液污染（如动物或人咬伤） 的伤口，含有坏死组织的伤口（如坏死或坏疽），火器伤，冻伤，烧伤等。破伤风针注射后就可以完全避免得破伤风吗？破伤风针能管多久？不是。破伤风针（包括 TAT）仅仅可以破坏破伤风杆菌已经释放出的毒素，对破伤风杆菌本身没有任何作用。注射入体内的 TAT，一般 1 周内就会被代谢掉一半，从而达不到有效的作用浓度。而破伤风的潜伏期（指感染了破伤风杆菌但还未发病的一段时期）通常为 1～2 周。也就是说，在潜伏期内 TAT 可能就已失效。所以说 TAT 无法完全避免破伤风的发病。在实际治疗过程中，医生可以通过增加 TAT 剂量和多次注射 TAT 来延长抗体的作用时间。此外，人源性破伤风免疫球蛋白（TIG）的保护作用相对长一些（半衰期为 25 天）。值得一提的是，和破伤风针相比，破伤风疫苗对破伤风的预防作用更确切。所以，小儿按时完成疫苗接种、高风险人群主动接种破伤风疫苗并每 10 年加强免疫一次，对预防破伤风至关重要。破伤风针是免费的吗？不是。破伤风针有进口的吗？破伤风针有进口和国产之分，作用效果相当，没有优劣之分。,破伤风针不能用于哪些人？破伤风针是用来救命的，所以没有绝对的使用禁忌。只要有发生破伤风的风险，在医生严格把握适应证的前提下，都应该尽早使用。不过，由于破伤风抗毒素（TAT）容易引起严重的过敏反应，所以对于有支气管哮喘、枯草热、湿疹、血管神经性水肿等病史或家族史的人，或曾因注射 TAT 发生严重过敏的人，在使用 TAT 时应格外谨慎。对 TAT 过敏试验呈阳性反应的人，推荐使用人 TIG。但人 TIG 极有可能缺货，这种情况下只能使用 TAT 进行脱敏注射，使用时需格外谨慎。破伤风针可以用于怀孕和哺乳期女性吗？对于遭受创伤的怀孕及哺乳期女性，是否使用 TIG 或 TAT，需要医生谨慎权衡利弊，并与患者及家属充分沟通。破伤风针注射后，有什么忌口和其他注意事项吗？打完破伤风针无需忌口，正常饮食就好。注射人源性破伤风免疫球蛋白（TIG）后，要过 3 个月后才能接种减毒活疫苗，以防影响疫苗的效果。,破伤风针应该多长时间内接种？应尽早使用，但只要破伤风未发病，伤后 2 周内都可以使用。有些医生在患者受伤 24 小时后就拒绝给其注射破伤风针，理由是超过 24 小时再用就无效了，这种认知和做法是错误的。破伤风的潜伏期为 1～2 周，伤后超过 24 小时注射破伤风针，也能起到预防发病的作用；即使没有完全阻止发病，也可以减轻发病后的症状。因此，不应把 24 小时作为使用破伤风针的时间界限。破伤风针在使用前的过敏试验是怎么做的？由于破伤风抗毒素（TAT）容易引起严重的过敏反应，所以使用前必须进行过敏试验。具体方法是将少量稀释后的 TAT 注射在前臂皮内，形成一个「皮丘」，观察 30 分钟：注射部位无明显反应者，为阴性。可在医生的严密观察下直接注射 TAT。注射部位出现皮丘增大、红肿、浸润，特别是形似伪足或有痒感者，为阳性反应。最好改用人 TIG。如果没有，则只能用脱敏法注射 TAT。注射部位反应特别严重或伴有全身症状者，如荨麻疹、鼻咽刺痒、喷嚏等，为强阳性反应。最好改用人 TIG。如果没有，则只能用脱敏法注射 TAT，并做好抢救准备，一旦发生过敏性休克，立即抢救。值得一提的是：无过敏史者或过敏试验阴性者，也有发生过敏性休克的可能。人 TIG 也有导致过敏和过敏性休克的可能，只不过过敏发生率低，通常不高于 0.1%。采用脱敏法注射 TAT，也有发生过敏性休克的可能。使用破伤风针的时候，医生都会准备好抢救药物，以应对可能发生的过敏性休克。破伤风针在一般情况下怎么注射？破伤风针要打哪里，打几次？在上臂三角肌附着处进行皮下注射，或在上臂三角肌中部或臀大肌外上部进行肌肉内注射。一般注射一次。伤势不同，用量不同。5～6 日后如果破伤风感染的危险未消除，应重复注射。如需同时注射破伤风疫苗（破伤风类毒素），注射部位要分开。门诊病人注射破伤风针后，要观察至少 30 分钟才能离开医院。破伤风针的脱敏注射法是怎么做的？如果仅能获得破伤风抗毒素（TAT），但过敏试验呈阳性反应，就需要用到脱敏注射法。将 TAT 稀释 10 倍，分数次注射入体内，注射剂量逐渐增大，每次注射后观察 30 分钟。医生护士主要会观察皮肤口唇有无青紫、有无气喘或呼吸困难、有无脉搏加速和血压下降等。,破伤风针注射后可能会发生哪些不良反应？主要不良反应包括过敏性休克和血清病，大多发生在使用破伤风抗毒素（TAT）的情况下。过敏性休克：可在注射中或注射后数分钟 ～ 数十分钟内突然发生。表现为突然的沉郁或烦躁、脸色苍白或潮红、胸闷气喘、出冷汗、恶心腹痛、神志昏迷或虚脱。如不及时抢救可以迅速死亡。所以注射破伤风针后要观察 30 分钟再离开医院。血清病：一般在注射后 2～4 天（加速型）或 7～14 天（延缓型）发病。主要表现有荨麻疹、发热、淋巴结肿大、浮肿、泡沫尿、恶心呕吐、关节痛等。经治疗后，一般数日 ～ 十数日即可痊愈。,按说明书贮存。
